-- phpMyAdmin SQL Dump
-- version 4.6.5.2
-- https://www.phpmyadmin.net/
--
-- Host: 127.0.0.1
-- Generation Time: 21 Sep 2018 pada 01.39
-- Versi Server: 10.1.21-MariaDB
-- PHP Version: 5.6.30

SET SQL_MODE = "NO_AUTO_VALUE_ON_ZERO";
SET time_zone = "+00:00";


/*!40101 SET @OLD_CHARACTER_SET_CLIENT=@@CHARACTER_SET_CLIENT */;
/*!40101 SET @OLD_CHARACTER_SET_RESULTS=@@CHARACTER_SET_RESULTS */;
/*!40101 SET @OLD_COLLATION_CONNECTION=@@COLLATION_CONNECTION */;
/*!40101 SET NAMES utf8mb4 */;

--
-- Database: `dbcbt`
--

-- --------------------------------------------------------

--
-- Struktur dari tabel `kelas`
--

CREATE TABLE `kelas` (
  `id_kelas` int(5) NOT NULL,
  `kelas` varchar(20) NOT NULL
) ENGINE=MyISAM DEFAULT CHARSET=latin1;

--
-- Dumping data untuk tabel `kelas`
--

INSERT INTO `kelas` (`id_kelas`, `kelas`) VALUES
(1, 'X TKJ 1'),
(2, 'X TKJ 2'),
(3, 'X RPL 1'),
(4, 'X RPL 2'),
(8, 'X OTO 1'),
(7, 'X Mesin 3'),
(6, 'X Mesin 2'),
(5, 'X Mesin 1'),
(9, 'X OTO 2'),
(10, 'X AK 1'),
(11, 'X AK 2'),
(12, 'X APK 1'),
(13, 'X APK 2'),
(14, 'XI TKJ 1'),
(15, 'XI TKJ 2'),
(16, 'XI RPL 1'),
(17, 'XI RPL 2'),
(18, 'XI OTO 1'),
(19, 'XI OTO 2'),
(20, 'XI Mesin 1'),
(21, 'XI Mesin 2'),
(22, 'XI AK 1'),
(23, 'XI AK 2'),
(24, 'XI APK 1'),
(25, 'XI APK 2'),
(26, 'XI Mesin 3'),
(27, 'XII TKJ 1'),
(28, 'XII TKJ 2'),
(29, 'XII TKJ 3'),
(30, 'XII OTO 1'),
(31, 'XII OTO 2'),
(32, 'XII OTO 3'),
(33, 'XII Mesin 1'),
(34, 'XII Mesin 2'),
(35, 'XII Mesin 3'),
(36, 'XII AK 1'),
(37, 'XII AK 2'),
(38, 'XII APK 1'),
(39, 'XII APK 2');

-- --------------------------------------------------------

--
-- Struktur dari tabel `kelas_ujian`
--

CREATE TABLE `kelas_ujian` (
  `id_ujian` int(5) NOT NULL,
  `id_kelas` int(5) NOT NULL,
  `aktif` enum('Y','N') NOT NULL DEFAULT 'N'
) ENGINE=MyISAM DEFAULT CHARSET=latin1;

--
-- Dumping data untuk tabel `kelas_ujian`
--

INSERT INTO `kelas_ujian` (`id_ujian`, `id_kelas`, `aktif`) VALUES
(84, 22, 'N'),
(1, 28, 'N'),
(1, 22, 'N'),
(84, 21, 'N'),
(84, 1, 'N'),
(1, 21, 'N'),
(83, 22, 'N'),
(83, 21, 'N'),
(84, 43, 'N'),
(84, 28, 'N'),
(77, 21, 'Y'),
(77, 1, 'N'),
(77, 22, 'N'),
(77, 28, 'N'),
(77, 43, 'N'),
(81, 22, 'N'),
(1, 1, 'N'),
(86, 21, 'Y'),
(85, 21, 'N'),
(83, 28, 'N'),
(81, 21, 'N'),
(81, 1, 'N'),
(85, 22, 'N'),
(1, 43, 'N'),
(81, 43, 'N'),
(89, 28, 'N'),
(89, 27, 'N'),
(89, 16, 'N'),
(89, 3, 'N'),
(88, 28, 'Y'),
(92, 28, 'N'),
(92, 27, 'N'),
(92, 29, 'N'),
(93, 16, 'N'),
(93, 17, 'N'),
(90, 1, 'N'),
(90, 2, 'N'),
(90, 3, 'N'),
(90, 4, 'N'),
(91, 23, 'N'),
(91, 27, 'N'),
(91, 28, 'N'),
(91, 29, 'N'),
(91, 30, 'N'),
(89, 29, 'N');

-- --------------------------------------------------------

--
-- Struktur dari tabel `nilai`
--

CREATE TABLE `nilai` (
  `id_nilai` int(10) NOT NULL,
  `nis` varchar(20) NOT NULL,
  `id_ujian` int(5) NOT NULL,
  `acak_soal` text NOT NULL,
  `jawaban` text NOT NULL,
  `sisa_waktu` varchar(10) NOT NULL,
  `jml_benar` int(5) NOT NULL,
  `nilai` varchar(5) NOT NULL
) ENGINE=MyISAM DEFAULT CHARSET=latin1;

--
-- Dumping data untuk tabel `nilai`
--

INSERT INTO `nilai` (`id_nilai`, `nis`, `id_ujian`, `acak_soal`, `jawaban`, `sisa_waktu`, `jml_benar`, `nilai`) VALUES
(8, '16171215', 89, '58,27,53,51,13,60,65,57,14,74,21,70,29,54,1,11,17,4,67,23,69,9,12,22,8,6,62,2,7,18,61,20,30,3,64,63,24,15,59,16,52,10,26,19,28,5,68,25,71,66', '5,3,3,2,1,2,4,1,3,1,5,2,2,3,2,4,3,3,4,3,5,1,3,5,4,2,2,3,4,1,4,5,4,5,4,1,3,5,3,4,3,4,3,4,2,1,2,5,1,4', '61:11', 19, '38'),
(7, '16171119', 89, '72,65,28,23,71,25,63,29,3,57,5,9,64,66,7,6,11,68,2,13,8,67,51,22,15,12,4,14,61,30,69,52,59,54,27,18,60,53,62,19,70,26,21,10,20,58,74,24,17,16', '1,4,3,2,2,5,5,2,1,1,4,1,3,1,3,1,2,2,3,4,1,1,1,3,4,3,1,5,4,2,3,3,2,1,5,2,5,2,4,1,4,5,5,3,5,3,1,4,3,4', '69:05', 18, '36'),
(6, '181910320', 89, '18,71,17,30,16,69,65,2,15,60,22,51,8,28,74,59,62,26,4,3,23,6,68,24,58,64,20,9,1,66,70,21,54,13,14,57,10,52,63,72,5,53,11,12,29,27,7,19,25,61', '1,1,1,5,2,3,4,1,5,5,3,3,3,3,1,5,4,2,4,2,1,3,4,4,1,3,2,4,1,5,5,2,3,4,4,5,1,4,2,2,1,1,5,3,4,5,4,4,5,1', '85:47', 15, '30'),
(9, '16171419', 89, '2,14,59,67,24,29,53,20,74,71,28,65,64,52,57,18,16,10,15,66,58,60,13,70,17,68,11,62,61,72,8,23,12,26,27,51,21,6,25,3,1,4,5,22,54,7,63,69,19,30', '1,3,2,4,3,2,4,2,1,1,2,4,4,3,1,1,4,4,3,1,5,5,5,2,1,4,5,1,4,1,3,1,3,5,3,2,5,5,2,5,4,1,1,3,2,1,3,3,4,5', '69:52', 32, '64'),
(10, '16171385', 89, '21,74,53,19,67,11,9,59,23,16,61,14,2,7,22,5,69,27,25,58,68,54,12,71,63,66,64,6,72,70,13,57,17,3,1,28,26,52,20,30,10,60,51,15,62,29,18,65,24,8', '3,1,2,4,1,3,1,2,5,5,5,4,3,5,5,4,1,2,3,5,1,5,3,1,4,1,1,5,1,1,5,1,4,4,3,2,1,3,2,2,4,5,2,5,1,2,1,4,3,3', '63:29', 28, '56'),
(11, '16171124', 89, '2,22,59,7,14,10,21,58,53,19,1,70,72,66,57,30,51,5,54,16,4,8,64,25,12,3,65,13,27,68,20,6,29,28,67,61,60,24,69,74,71,23,52,18,63,9,15,62,11,26', '5,3,1,5,3,3,5,5,4,4,4,4,1,5,1,1,2,4,2,4,1,3,3,2,3,1,2,1,3,1,2,5,4,1,4,2,3,3,4,1,3,2,3,1,4,1,4,2,5,4', '63:56', 23, '46'),
(12, '16171228', 89, '24,66,10,61,52,25,16,68,14,27,22,62,69,58,1,12,65,8,74,26,15,18,21,64,67,59,54,11,71,2,17,57,72,63,9,70,29,60,23,4,13,6,51,28,20,3,7,53,19,30', '3,2,4,2,1,4,1,4,4,5,5,1,5,5,4,4,1,3,1,3,5,1,5,2,4,2,5,5,1,2,4,3,1,3,5,4,1,4,5,5,3,4,4,3,2,1,4,4,4,3', '52:29', 18, '36'),
(13, '16171264', 89, '51,4,14,57,30,62,12,58,8,10,21,69,7,67,60,53,27,71,72,59,28,11,61,63,26,70,24,22,13,2,3,25,16,23,66,64,68,74,18,1,6,5,19,54,29,17,52,65,20,9', '3,1,3,1,1,3,3,5,3,4,5,5,4,4,2,3,3,1,1,2,2,4,1,2,3,2,3,5,1,2,1,2,4,1,3,4,1,1,1,4,5,1,4,4,1,3,1,4,2,1', '60:21', 24, '48'),
(14, '16171083', 89, '72,1,29,26,65,69,27,13,64,71,2,20,19,28,53,21,14,17,16,25,30,59,57,11,54,67,15,68,63,9,6,8,18,74,12,3,5,58,23,60,62,10,51,61,70,7,24,66,22,4', '1,5,3,4,3,3,1,5,1,1,2,2,4,2,4,3,4,3,4,1,1,1,5,1,2,4,3,5,2,3,5,3,1,1,3,3,2,4,2,2,1,4,4,1,1,5,3,1,5,4', '55:48', 24, '48'),
(15, '16171375', 89, '72,8,30,1,9,63,10,6,57,59,26,23,11,69,25,27,74,71,51,4,52,15,18,16,14,61,62,66,65,2,60,13,29,22,54,28,7,21,58,53,64,68,70,3,12,67,17,20,24,19', '3,4,1,2,1,3,2,5,3,5,1,4,3,1,4,1,1,1,2,4,1,5,5,4,3,5,2,1,2,3,2,5,2,4,4,2,5,4,1,4,5,3,2,3,3,4,3,4,2,4', '62:38', 16, '32'),
(16, '16171155', 89, '69,29,8,51,71,61,67,27,58,59,70,20,30,22,17,11,16,14,68,28,64,5,4,1,24,23,9,66,18,26,12,19,3,60,21,6,53,65,25,2,13,54,74,52,72,62,57,10,63,7', '1,1,3,3,1,2,2,4,5,2,2,4,5,3,1,1,4,3,5,5,2,1,3,4,3,2,1,1,1,1,2,4,1,2,2,1,3,4,1,1,2,2,1,4,1,1,3,4,3,1', '61:26', 24, '48'),
(17, '16171422', 89, '64,15,19,5,61,11,67,51,59,30,52,6,20,4,28,58,27,16,2,7,54,10,12,68,71,57,21,23,70,22,1,29,9,18,72,63,17,69,62,66,26,53,13,3,25,14,24,74,60,8', '5,5,4,1,1,5,4,1,3,3,3,5,2,4,3,5,3,4,1,4,5,5,3,4,1,1,3,1,5,5,4,2,1,1,1,4,4,3,5,5,4,4,4,4,2,0,4,1,5,3', '65:06', 23, '46'),
(18, '16171172', 89, '4,3,65,67,8,2,51,19,21,22,71,72,13,27,26,58,10,57,52,29,1,28,62,23,64,12,20,54,74,69,70,59,30,18,9,11,53,14,68,6,16,25,63,17,24,66,61,7,60,5', '4,1,3,1,5,4,3,5,5,5,3,1,4,2,2,5,5,1,3,3,5,3,5,3,5,1,3,3,1,2,4,2,3,3,4,5,3,4,5,4,1,1,2,4,1,4,4,1,2,2', '68:45', 13, '26'),
(19, '16171321', 89, '3,64,61,11,68,15,72,21,53,10,26,5,29,20,16,1,58,66,17,19,2,25,54,8,6,51,71,70,59,23,24,30,65,27,14,57,69,60,52,7,22,12,63,13,67,4,28,74,9,18', '2,3,4,4,1,2,1,5,4,4,4,2,3,4,5,1,1,5,4,2,4,5,4,2,1,3,3,1,4,4,1,4,4,5,3,1,2,2,3,5,1,3,3,1,2,2,2,1,5,5', '69:35', 14, '28'),
(20, '16171454', 89, '26,8,19,64,24,53,62,17,11,59,28,69,7,15,68,51,23,71,72,30,63,67,6,16,52,70,22,58,27,2,1,61,20,5,9,14,21,54,65,74,57,12,10,29,4,60,3,66,25,18', '1,3,4,4,3,5,5,1,4,2,4,2,4,5,1,4,5,1,1,3,4,1,5,2,3,2,5,5,1,1,1,1,3,1,1,3,2,2,4,1,1,4,5,2,1,5,5,5,2,1', '68:24', 22, '44'),
(21, '16171319', 89, '58,14,10,67,4,9,25,61,2,6,8,65,70,15,5,12,71,20,69,7,54,60,57,30,1,52,28,16,23,53,13,18,74,19,62,11,22,59,26,3,24,63,29,66,17,68,27,64,72,21', '5,3,4,4,2,1,5,5,3,5,3,4,2,2,1,4,1,1,1,5,1,2,1,3,4,1,4,1,5,3,2,2,1,4,5,1,2,2,3,3,4,2,4,3,1,1,1,1,1,2', '69:24', 19, '38'),
(22, '16171205', 89, '65,11,59,6,67,68,17,20,28,58,74,5,25,24,69,27,54,8,12,19,62,16,26,51,61,30,52,72,18,63,13,53,15,57,1,21,10,4,23,9,22,64,2,66,14,71,7,70,60,29', '4,5,2,2,2,3,5,4,1,5,1,1,3,5,3,4,2,3,2,3,5,1,4,4,1,3,5,1,5,4,5,3,2,4,1,3,3,4,3,1,1,1,3,2,5,1,4,2,2,2', '63:50', 14, '28'),
(23, '16171386', 89, '24,8,5,68,53,60,21,57,28,52,25,12,22,51,13,66,62,70,61,15,18,59,1,72,29,7,74,63,19,65,2,14,30,17,3,6,16,27,20,9,67,4,64,26,10,54,71,69,58,23', '1,2,4,3,4,1,4,2,1,1,2,4,1,2,4,5,4,2,3,3,5,5,5,1,5,2,1,4,4,3,3,4,4,5,1,5,1,4,2,1,4,3,5,4,5,1,1,3,1,2', '70:00', 17, '34'),
(24, '16171382', 89, '18,68,27,70,16,23,14,30,58,20,1,22,26,11,69,54,9,13,8,57,10,17,7,4,62,60,64,52,66,51,3,59,5,28,65,25,19,6,15,12,61,2,71,72,74,21,67,53,24,63', '5,1,2,4,2,3,2,1,5,2,4,4,2,5,3,3,3,4,2,1,4,1,5,1,5,3,4,1,3,2,2,2,4,5,4,1,4,5,5,2,4,2,1,1,1,5,1,4,3,2', '55:06', 18, '36'),
(25, '16171159', 89, '9,60,28,5,21,74,68,59,4,20,15,25,24,3,12,11,70,71,53,52,69,62,26,65,13,16,51,7,57,27,54,8,14,64,19,72,66,23,17,2,10,61,1,63,67,29,18,58,6,22', '1,2,3,1,2,1,4,2,4,2,3,5,1,1,3,5,2,2,4,3,3,5,4,4,2,4,3,3,1,3,4,3,3,3,4,1,4,1,3,2,4,5,4,1,4,3,2,5,3,5', '66:50', 21, '42'),
(26, '16171254', 89, '29,11,74,72,18,63,66,67,65,24,25,28,21,13,10,68,59,27,16,6,51,62,4,54,26,7,52,58,22,23,64,70,15,17,9,19,3,69,5,12,30,71,61,20,14,57,53,60,2,8', '1,5,5,3,4,2,4,1,3,4,5,4,2,1,5,1,1,5,1,4,2,1,5,5,5,4,4,3,2,2,4,4,5,1,1,3,3,2,1,4,4,1,1,1,2,1,3,2,2,3', '67:12', 16, '32'),
(27, '16171275', 89, '68,58,51,14,22,67,52,61,19,57,10,60,12,30,71,53,8,70,21,59,26,1,28,72,29,16,5,65,62,11,18,2,17,54,6,7,63,15,3,64,4,20,66,74,23,25,13,24,9,69', '1,5,4,2,3,4,3,5,2,3,1,2,4,5,1,4,4,4,3,2,5,4,2,1,2,1,1,4,2,5,1,4,5,2,3,1,2,5,2,3,1,1,1,1,3,5,1,4,1,2', '63:08', 16, '32'),
(28, '16171033', 89, '30,69,23,62,63,71,20,61,29,27,60,17,64,25,21,24,57,1,54,14,9,26,19,74,11,58,28,10,4,59,12,67,13,65,5,66,68,53,8,6,2,15,51,7,52,70,16,72,22,18', '3,3,1,5,3,3,2,4,3,3,3,3,4,3,1,4,1,4,5,3,1,3,4,1,4,5,4,1,1,2,3,4,1,4,4,5,3,1,3,5,1,5,2,5,3,2,4,1,5,1', '68:25', 18, '36'),
(29, '16171152', 89, '2,15,62,63,61,69,5,60,3,26,28,53,22,19,64,29,67,24,17,16,71,13,52,25,18,66,30,11,4,27,70,12,51,7,65,21,20,1,54,59,10,74,9,8,23,68,72,6,58,14', '1,2,1,3,1,3,4,5,5,4,2,4,5,4,5,1,5,2,5,1,1,5,3,2,2,1,1,5,3,3,3,5,2,4,4,1,2,1,3,3,4,1,1,3,2,1,1,5,5,3', '66:32', 25, '50'),
(30, '16171074', 89, '74,57,65,54,20,69,24,27,62,4,60,3,63,19,5,16,13,14,29,9,2,28,8,67,11,22,68,10,71,17,21,61,30,15,25,23,72,12,6,53,64,18,26,59,1,52,66,51,7,70', '1,1,4,4,2,3,2,4,3,4,2,3,5,4,1,4,1,3,3,1,1,3,3,4,1,3,3,3,1,3,1,5,5,5,5,4,1,5,1,4,1,1,2,1,4,3,3,3,1,4', '69:38', 18, '36'),
(31, '16171411', 89, '62,8,15,57,10,2,29,67,21,3,54,17,24,63,64,61,59,13,66,22,11,9,74,16,23,27,6,20,14,71,26,30,68,65,53,4,12,51,69,28,70,52,60,72,1,19,25,7,18,5', '4,3,5,1,2,4,3,4,1,3,5,5,2,2,1,1,4,1,4,5,5,1,1,1,2,5,5,2,3,1,1,1,3,4,4,2,1,4,2,4,4,3,3,1,4,4,4,1,1,1', '67:40', 18, '36'),
(32, '16171380', 89, '68,15,74,23,7,8,6,14,12,5,61,9,58,3,20,64,19,21,1,65,11,60,69,29,13,67,4,71,54,10,59,62,63,51,53,18,17,25,57,22,30,28,2,26,27,66,52,70,72,16', '3,5,2,1,4,5,4,1,3,5,3,1,3,2,4,5,2,2,2,2,1,2,5,3,1,4,4,5,1,2,1,5,5,2,4,5,4,4,1,5,2,4,5,2,2,1,3,4,1,3', '77:13', 13, '26'),
(33, '123456', 89, '52,27,68,58,66,28,23,71,11,15,2,6,21,60,5,20,18,51,69,22,26,10,7,16,8,19,29,3,62,64,24,63,25,70,61,67,12,17,54,4,14,57,72,59,1,74,30,53,9,65', '3,3,4,1,3,2,1,1,5,4,3,1,5,2,4,4,1,3,1,1,3,2,5,4,3,4,2,3,4,5,1,4,2,4,5,2,5,3,4,3,3,1,1,2,1,1,1,3,4,2', '72:22', 17, '34'),
(34, '16171206', 89, '21,69,52,18,74,30,67,16,8,2,14,66,20,23,7,51,62,3,6,29,53,13,22,60,71,17,70,1,27,61,10,28,59,19,24,11,63,15,54,25,64,58,5,57,68,12,72,65,4,26', '3,5,3,1,1,1,1,5,4,5,1,1,3,2,3,2,5,1,3,4,2,5,4,2,1,4,4,4,2,4,4,3,1,4,2,5,2,2,2,2,4,5,2,4,1,5,1,5,5,1', '64:25', 15, '30'),
(35, '16171265', 89, '6,10,63,19,18,61,69,71,67,9,24,14,53,3,7,26,23,27,58,65,11,8,25,22,66,64,17,15,52,2,29,5,13,21,60,4,57,54,28,74,59,70,68,16,51,72,1,62,30,20', '5,4,3,4,1,4,1,1,4,1,3,3,4,4,1,5,1,4,5,4,4,3,2,3,5,3,4,3,1,1,2,1,3,5,2,3,1,2,2,1,2,2,4,1,3,1,4,1,4,2', '56:10', 28, '56'),
(36, '16171263', 89, '52,6,28,2,63,5,24,11,4,9,29,61,22,68,54,62,66,12,64,74,67,3,30,60,53,23,13,20,15,8,14,10,26,58,65,17,59,69,72,71,21,25,18,51,16,57,1,7,70,19', '3,2,3,1,1,1,3,5,3,3,1,1,3,4,2,4,1,3,2,1,1,4,5,2,4,2,2,2,3,3,3,4,4,5,4,1,2,1,1,1,5,2,1,5,4,1,3,4,5,4', '59:54', 33, '66'),
(37, '16171371', 89, '53,14,7,1,9,63,6,22,26,59,15,58,16,18,51,60,2,52,69,57,66,25,4,3,11,19,10,62,70,8,17,74,23,24,30,27,29,68,21,65,67,64,54,20,12,72,61,5,13,71', '3,4,2,5,1,4,1,3,3,2,5,5,1,3,3,3,3,1,5,1,4,4,3,1,4,2,1,4,4,2,3,1,1,2,2,5,1,4,3,4,1,4,4,3,1,1,4,1,1,1', '72:18', 13, '26'),
(38, '11111', 89, '6,70,24,69,18,74,5,8,4,30,61,2,16,57,15,54,67,23,68,63,51,28,58,60,72,29,12,10,17,7,3,19,52,64,1,11,21,22,26,27,9,14,59,66,53,62,13,20,71,65', '5,2,3,5,2,4,5,3,5,1,3,1,4,1,5,5,1,5,1,4,5,1,4,5,1,3,4,5,1,4,4,4,3,4,3,5,5,3,4,5,1,3,2,5,2,5,4,1,1,4', '52:34', 22, '44'),
(39, '99999', 89, '18,2,51,28,61,19,60,6,24,71,26,65,67,59,68,63,16,66,5,21,72,30,23,29,52,13,27,20,8,25,57,12,7,17,53,64,62,54,4,3,1,74,69,22,58,15,11,14,9,70', '3,4,2,1,3,2,4,4,5,1,2,4,1,2,4,5,4,3,4,5,2,4,4,3,3,4,5,3,4,1,1,3,5,3,2,4,4,1,4,4,1,1,3,3,5,5,2,4,1,4', '71:56', 17, '34'),
(40, '16171140', 89, '74,24,13,1,68,2,5,61,12,52,20,3,51,53,59,8,28,25,15,71,64,17,63,6,23,60,7,65,22,30,14,54,29,66,9,70,62,19,69,26,57,10,67,72,21,18,11,58,27,16', '1,2,3,4,1,3,4,4,4,1,2,1,2,4,2,3,2,2,4,4,3,5,5,5,4,2,4,1,4,1,3,4,4,1,1,2,5,5,5,2,1,5,4,1,3,2,1,5,2,1', '65:54', 18, '36'),
(41, '16171438', 89, '6,19,5,62,12,18,68,69,71,14,26,65,24,57,13,10,70,30,11,63,66,1,74,58,67,27,53,17,60,51,59,22,9,8,4,20,72,21,25,16,52,23,2,15,3,64,28,61,54,7', '2,4,2,1,3,1,1,4,1,5,3,4,3,3,5,4,1,5,1,2,2,3,1,5,4,1,4,4,2,2,2,3,1,3,3,2,1,3,2,4,3,1,2,5,3,2,2,2,4,4', '68:09', 25, '50'),
(42, '16171447', 89, '15,72,26,51,74,30,23,71,52,60,59,21,13,54,9,18,20,65,5,69,16,1,66,22,62,61,19,24,29,53,11,68,58,17,10,57,64,7,3,28,63,12,27,70,25,8,4,67,6,14', '5,1,3,2,1,2,4,1,3,5,2,3,5,4,1,1,2,4,1,3,4,4,1,3,3,4,2,3,5,2,2,4,5,4,4,3,1,1,3,3,3,3,2,4,5,4,1,4,2,2', '72:45', 20, '40'),
(43, '16171313', 89, '26,14,1,65,69,18,62,2,53,54,72,71,66,20,59,23,70,22,19,74,30,63,27,57,21,64,5,58,13,24,52,15,6,11,3,7,68,17,61,8,28,10,9,67,4,16,12,60,51,25', '3,4,5,2,4,1,5,3,3,4,1,2,2,2,2,1,5,3,2,1,1,5,3,3,5,3,1,5,5,1,1,5,3,2,1,1,1,3,5,3,2,2,1,1,5,4,2,2,3,3', '72:49', 17, '34'),
(44, '16171388', 89, '3,69,13,17,28,2,5,67,60,65,63,9,1,19,58,10,8,27,72,71,4,59,30,15,16,54,29,26,23,53,51,6,61,14,21,68,22,66,12,57,64,74,62,70,7,25,18,52,20,24', '1,5,1,2,3,3,3,2,4,1,3,3,5,2,4,4,2,4,1,4,4,4,4,5,1,3,2,4,3,5,4,5,1,1,4,1,3,5,1,1,3,1,3,5,1,3,3,4,4,4', '71:15', 13, '26'),
(45, '16171334', 89, '58,71,53,64,19,21,63,12,65,62,24,57,68,27,9,6,59,23,15,13,69,70,66,74,26,22,52,51,4,54,20,28,72,2,14,3,11,29,30,60,8,25,16,5,17,61,10,7,67,18', '2,1,4,5,5,4,4,3,4,1,3,1,4,2,1,3,2,2,5,1,4,2,1,1,1,5,3,2,1,5,3,1,1,5,5,2,5,2,1,3,3,1,1,3,4,5,5,1,4,1', '68:30', 17, '34'),
(46, '16171379', 89, '4,70,24,12,10,66,25,19,16,29,27,20,18,5,69,74,11,7,28,62,2,58,67,1,57,21,26,14,8,71,13,59,72,3,60,61,68,51,65,23,9,53,63,64,22,30,17,15,54,52', '4,4,3,5,4,2,2,4,4,5,5,5,1,4,2,1,2,1,5,5,2,5,4,4,1,2,3,2,1,1,2,4,1,2,2,4,3,3,4,3,1,4,4,1,2,1,2,5,3,3', '72:07', 16, '32'),
(47, '16171079', 89, '64,4,74,8,20,54,60,53,72,59,61,26,57,19,66,71,6,1,27,5,23,7,51,62,9,63,11,67,24,16,25,69,58,13,68,18,15,17,22,30,10,28,52,14,65,2,70,12,3,29', '5,3,1,3,1,5,2,4,1,2,4,3,1,4,2,1,2,3,1,2,2,1,4,1,1,2,4,4,2,1,2,4,5,2,3,1,4,3,5,1,4,3,3,3,4,2,2,3,1,5', '67:38', 19, '38'),
(48, '16171439', 89, '13,71,58,64,7,57,54,69,51,52,27,16,1,20,30,2,17,10,22,67,15,5,61,60,68,14,74,28,62,63,8,25,53,26,9,6,21,4,3,70,66,23,11,24,29,18,65,12,72,59', '1,1,5,3,4,1,1,1,1,1,4,4,1,5,1,2,2,5,3,4,3,1,5,2,1,4,1,3,1,3,3,1,1,5,1,1,3,1,3,4,5,3,5,4,3,1,5,5,1,1', '61:28', 22, '44'),
(49, '16171044', 89, '4,29,30,1,70,59,58,52,6,66,14,64,20,60,11,8,51,72,68,74,12,23,17,25,28,63,2,5,15,57,18,21,7,19,69,62,24,10,9,71,16,54,26,13,53,3,61,27,67,65', '4,2,1,4,2,2,5,3,5,1,4,5,2,2,5,3,3,1,1,1,3,2,4,2,3,2,1,1,3,1,1,5,4,4,1,1,3,4,1,1,4,2,4,1,2,1,1,5,4,2', '77:52', 30, '60'),
(50, '16171222', 89, '24,61,11,12,26,4,67,63,58,30,9,13,52,20,18,17,74,29,65,66,1,7,51,69,21,5,59,6,19,28,57,53,23,10,54,8,60,25,16,72,62,22,2,15,71,14,70,64,3,68', '1,5,2,4,1,4,1,4,5,1,1,1,3,2,1,4,1,4,4,3,4,3,2,3,5,1,2,4,4,1,1,4,4,4,4,3,2,3,3,1,3,5,5,5,1,3,4,4,2,3', '62:26', 20, '40'),
(51, '16171352', 89, '10,52,27,17,3,20,63,19,29,54,65,18,21,2,7,6,16,71,58,24,12,53,26,1,30,8,64,15,4,13,60,9,66,25,67,59,70,62,57,72,5,68,23,69,28,11,74,51,14,22', '4,3,4,4,3,5,4,4,3,2,5,1,5,2,4,5,1,1,5,1,3,3,5,4,5,3,4,5,5,5,2,1,3,1,1,5,2,5,1,1,1,2,5,2,3,5,1,2,3,3', '74:17', 24, '48'),
(52, '16171326', 89, '58,60,15,30,19,5,23,18,29,62,65,66,59,22,72,7,70,74,68,67,10,21,9,13,61,63,16,17,2,28,57,52,24,71,54,1,69,3,51,12,11,4,14,8,27,53,6,20,64,26', '1,2,3,5,1,1,1,4,4,5,4,5,4,1,1,1,4,1,3,4,3,5,1,1,5,5,3,3,4,2,3,3,1,1,2,5,3,1,2,4,3,2,3,3,2,3,3,5,4,4', '65:03', 13, '26'),
(53, '16171128', 89, '11,51,14,30,59,26,71,29,6,54,28,68,18,20,8,53,67,74,12,13,10,9,2,72,61,4,17,15,22,19,3,57,1,21,24,65,7,58,25,16,27,52,64,23,66,62,69,63,60,5', '5,2,3,4,2,2,1,3,5,2,2,2,1,2,1,2,1,1,4,4,4,1,1,1,2,3,2,3,5,4,4,1,1,5,4,4,5,5,2,4,5,3,4,2,1,1,1,2,2,1', '27:19', 29, '58'),
(54, '16171207', 89, '57,12,69,2,20,18,23,10,6,68,16,14,4,13,8,25,11,3,60,27,51,66,54,5,15,64,21,63,7,59,26,67,71,19,1,65,28,70,61,9,52,29,22,24,58,17,53,62,74,30', '3,2,4,3,5,2,3,2,1,4,5,5,3,2,2,3,4,2,4,4,3,4,2,2,5,2,5,5,4,2,5,5,3,4,4,2,4,4,2,3,4,3,5,2,5,3,4,4,1,2', '76:24', 14, '28'),
(55, '16171277', 89, '24,23,68,22,52,54,66,7,69,19,62,57,12,1,20,29,5,65,60,9,63,72,2,53,14,64,17,18,27,3,6,4,13,15,74,58,59,70,26,16,67,21,28,11,61,71,25,30,8,51', '3,3,1,3,3,1,4,4,3,4,3,1,3,4,2,2,4,4,2,2,4,1,2,4,3,2,3,1,2,3,5,5,2,3,1,5,5,3,3,1,4,2,3,5,5,1,1,5,3,3', '71:25', 23, '46'),
(56, '16171183', 89, '14,2,61,5,69,70,54,53,1,57,30,13,15,19,64,52,4,16,21,25,24,67,6,51,12,60,68,71,3,23,28,65,26,63,20,9,58,22,59,74,17,10,66,7,8,72,27,18,29,11', '1,5,5,1,3,1,1,5,1,2,2,5,5,3,5,2,1,2,4,3,1,2,2,2,3,2,2,3,2,2,5,4,2,3,5,4,1,4,4,1,3,5,3,4,5,1,5,2,3,2', '64:52', 12, '24'),
(57, '16171431', 89, '68,57,51,59,62,9,4,64,3,52,27,5,18,29,15,12,26,70,20,30,21,10,67,58,24,11,16,2,23,7,54,14,61,53,65,6,66,63,22,25,17,8,19,1,69,13,74,28,60,72', '3,1,2,3,2,4,4,1,5,3,1,4,2,3,3,5,2,5,5,2,5,5,4,2,2,3,1,1,4,5,5,4,3,2,1,2,5,1,4,4,5,3,4,4,4,3,3,1,2,3', '73:52', 10, '20'),
(58, '16171378', 89, '16,68,11,17,25,54,61,19,27,66,57,14,59,10,23,62,30,71,51,18,26,15,6,24,65,21,2,52,4,12,13,74,5,64,72,9,8,53,67,60,20,58,1,70,63,28,22,7,29,69', '2,1,3,2,5,3,1,4,4,2,2,2,5,2,3,3,1,3,4,2,1,3,1,5,1,4,1,1,4,4,1,1,1,1,1,1,3,4,2,3,2,4,4,4,3,1,3,3,1,4', '68:36', 15, '30'),
(59, '16171051', 89, '66,69,15,68,20,70,8,7,23,57,9,2,21,51,26,71,16,18,11,12,59,10,58,1,25,67,6,13,64,29,53,60,22,63,52,3,61,62,27,72,14,4,5,54,30,19,17,65,74,28', '3,4,5,4,2,3,3,3,1,1,1,4,5,2,3,1,4,2,5,4,2,2,5,2,2,4,1,5,5,1,4,5,2,1,3,5,1,1,3,1,4,3,2,5,1,3,4,3,1,2', '63:09', 21, '42'),
(60, '16171384', 89, '26,60,59,61,15,63,58,66,30,28,1,70,25,2,57,51,62,54,7,10,72,23,53,27,3,29,14,68,17,11,67,5,52,6,24,22,9,19,65,21,8,4,64,74,13,18,12,69,71,20', '4,2,3,3,3,3,5,4,2,4,2,2,2,4,1,2,5,4,1,5,1,2,4,3,1,2,3,2,5,3,4,1,3,2,3,5,1,4,4,1,3,3,1,1,1,1,1,3,3,5', '68:01', 19, '38'),
(61, '16171286', 89, '59,11,74,3,54,28,12,17,60,14,1,9,68,66,22,69,10,2,4,57,24,20,15,18,23,16,26,13,25,5,67,30,58,63,53,6,21,51,71,19,52,29,64,7,72,62,61,8,27,65', '1,1,1,1,2,1,4,4,2,5,2,1,3,1,5,3,3,5,5,1,1,5,5,5,1,2,1,4,4,3,1,4,1,2,3,2,5,2,1,5,3,1,4,3,1,4,5,3,1,3', '72:56', 12, '24'),
(62, '16171309', 89, '61,14,66,18,21,26,51,52,16,28,24,70,6,15,53,13,8,22,62,7,10,68,3,9,59,69,67,64,4,5,11,1,29,23,27,71,20,74,72,19,30,12,58,2,17,60,25,57,54,65', '5,3,1,3,5,4,3,3,3,2,1,3,4,2,3,3,3,5,3,3,4,3,1,1,2,4,1,3,2,1,5,5,3,1,3,3,4,1,1,1,1,1,2,2,5,3,1,5,1,4', '68:37', 17, '34'),
(63, '16171009', 89, '70,59,12,8,52,27,29,51,11,21,24,23,9,17,1,71,14,28,57,58,25,67,54,5,61,26,65,15,2,16,72,62,13,7,20,18,19,66,6,4,68,74,3,64,69,60,53,30,22,10', '4,1,4,4,4,3,1,3,1,5,4,1,1,2,5,1,2,5,4,5,3,1,4,1,5,4,2,3,5,1,3,5,2,0,4,4,2,0,0,0,0,0,0,0,0,0,0,0,0,0', '74:27', 9, '18'),
(64, '16171212', 89, '67,72,10,15,66,57,17,22,21,28,23,9,18,58,60,70,7,30,74,62,64,16,24,65,13,63,3,53,71,27,11,26,8,6,19,4,54,59,68,25,51,1,61,20,12,14,69,29,5,52', '4,1,5,5,4,1,4,3,5,5,2,1,4,1,2,2,2,2,5,5,5,5,3,3,1,4,3,3,1,4,4,2,4,5,1,2,2,1,3,1,4,5,1,5,5,4,5,4,5,3', '80:29', 15, '30'),
(65, '16171116', 89, '18,62,58,15,69,21,54,66,65,28,7,72,17,4,57,8,67,3,51,20,12,26,74,63,53,59,27,70,5,1,19,29,6,14,61,22,52,16,23,10,25,2,24,64,71,11,13,9,30,60', '4,4,3,2,4,4,2,1,3,2,1,1,5,1,2,2,1,5,3,1,5,3,4,3,3,5,5,3,3,4,3,2,2,5,4,3,1,3,2,3,1,5,3,3,3,1,5,3,2,3', '79:43', 10, '20'),
(66, '16171114', 89, '8,54,20,71,23,22,24,1,11,17,58,65,9,59,25,30,51,26,10,53,21,29,5,12,14,70,69,16,72,15,52,66,67,68,64,27,4,57,2,6,18,3,74,7,19,63,60,62,61,28', '4,3,5,1,4,1,1,4,3,5,3,2,1,4,1,1,2,5,4,4,2,1,3,3,2,4,2,2,1,1,3,5,2,5,4,1,5,2,2,2,1,3,5,5,4,4,3,3,4,2', '74:27', 12, '24'),
(67, '16171256', 89, '66,18,72,59,53,69,29,21,61,67,64,52,63,15,26,7,23,2,65,10,4,62,51,57,13,28,20,14,17,30,22,25,74,27,3,1,19,54,8,5,58,16,12,70,60,24,9,71,6,68', '3,3,1,2,3,1,3,5,5,4,1,1,1,5,3,4,5,1,4,4,4,1,2,1,5,3,3,3,1,5,4,1,1,3,4,1,2,2,3,1,5,4,3,2,2,3,1,1,5,1', '72:17', 25, '50'),
(68, '16171267', 89, '51,60,29,25,7,5,9,68,18,70,61,3,12,11,62,20,2,64,10,4,67,24,16,26,30,57,21,8,13,52,22,63,23,72,17,28,6,74,69,1,65,27,15,54,58,71,14,53,59,66', '2,5,3,5,5,1,3,4,1,1,4,1,3,4,4,4,3,1,4,5,4,3,4,4,5,1,5,3,2,1,3,2,2,1,4,4,5,1,4,4,4,5,3,1,5,1,3,4,2,2', '73:52', 27, '54'),
(69, '16171058', 89, '1,20,30,23,22,72,74,60,7,68,19,53,26,64,58,29,51,13,12,71,21,52,28,3,10,69,2,14,57,59,27,8,16,18,17,11,63,67,61,25,54,62,15,4,9,66,5,65,6,70', '3,5,4,1,5,1,1,4,2,5,5,2,4,3,2,2,1,2,5,3,2,2,4,1,4,2,1,2,4,5,5,1,5,5,3,4,5,3,4,4,5,2,5,3,4,5,4,2,3,1', '80:08', 5, '10'),
(70, '16171005', 89, '1,63,70,68,20,17,2,27,64,7,13,6,57,10,9,72,28,21,22,8,60,69,59,4,11,24,67,51,16,58,66,61,30,14,19,23,25,12,54,3,74,18,65,26,71,29,5,53,52,15', '4,2,2,1,2,5,3,2,2,1,2,5,1,4,1,1,2,1,4,3,3,4,2,3,5,4,4,2,4,5,5,4,5,2,5,5,5,3,1,2,1,3,4,5,1,1,5,4,1,5', '70:25', 23, '46'),
(71, '17181228', 89, '70,14,6,53,74,9,57,16,28,19,59,26,15,21,30,23,60,61,72,4,3,58,1,7,20,8,27,2,22,64,68,54,71,18,65,51,69,62,63,17', '1,3,2,4,1,1,4,5,5,4,3,4,4,5,3,1,3,3,1,3,5,5,4,4,3,2,2,4,5,4,1,4,1,3,3,2,3,3,5,1', '70:01', 15, '37.5'),
(72, '17181209', 89, '9,13,7,17,53,65,62,20,29,69,54,8,26,61,19,10,59,3,12,70,5,60,18,2,51,4,15,64,25,63,23,72,74,21,22,6,11,1,68,52', '1,2,4,4,2,3,1,5,4,4,2,3,2,3,4,5,3,1,4,3,1,2,1,4,2,5,3,1,1,3,1,1,1,5,2,3,1,3,1,3', '72:48', 17, '42.5'),
(73, '17181075', 89, '71,23,28,11,52,7,14,2,25,3,57,8,10,27,24,4,30,19,9,22,66,74,53,15,1,29,72,67,59,58,12,17,54,65,68,64,26,6,16,69', '1,4,2,5,3,4,3,4,4,2,1,3,5,4,1,3,2,5,1,1,2,1,4,3,5,1,1,1,4,3,3,5,3,4,2,5,3,2,4,3', '69:48', 19, '47.5'),
(74, '17181375', 89, '23,11,2,24,68,59,52,7,70,58,66,19,12,3,26,25,64,5,62,10,22,18,27,9,21,6,65,71,30,53,28,61,1,63,69,29,16,72,54,8', '4,5,3,3,2,1,3,4,3,4,2,5,4,3,2,1,5,5,2,5,4,5,1,5,3,5,4,1,1,4,1,3,3,5,3,4,4,1,3,3', '66:40', 11, '27.5'),
(75, '17181194', 89, '26,4,16,61,68,71,30,59,58,12,25,57,17,60,8,27,14,13,24,62,2,29,51,20,18,5,64,70,19,15,23,6,7,66,21,28,74,54,9,1', '4,2,5,2,1,1,2,5,5,2,3,1,4,2,3,4,3,5,1,5,5,4,2,2,1,1,5,3,2,4,2,5,1,1,5,5,1,2,1,2', '61:49', 18, '45'),
(76, '17181273', 89, '7,67,58,1,64,61,8,2,16,54,22,68,63,13,59,65,70,9,11,53,4,69,72,62,29,71,21,25,66,60,28,30,24,6,17,10,18,51,74,5', '5,4,1,2,3,2,3,2,2,2,1,4,3,1,3,4,5,4,5,4,3,3,1,3,4,3,2,4,2,3,5,2,1,2,2,4,1,4,1,1', '61:53', 10, '25'),
(77, '17181219', 89, '18,63,27,57,13,59,10,7,24,2,25,70,23,54,62,19,22,71,52,26,5,15,14,65,28,3,30,1,68,4,69,66,16,9,8,53,67,64,12,29', '1,5,4,2,5,4,5,4,1,2,2,2,5,1,4,1,3,1,3,5,1,4,3,2,4,4,3,4,1,3,3,5,1,1,2,4,4,5,1,4', '59:37', 15, '37.5'),
(78, '17181059', 89, '10,66,59,61,51,64,26,13,14,20,23,25,30,1,69,71,24,3,9,65,54,21,52,18,19,70,53,4,57,63,6,15,74,72,8,62,29,7,16,17', '5,2,2,5,3,2,3,1,3,1,2,4,2,4,1,1,2,2,5,2,2,4,1,1,2,2,2,3,1,3,2,2,1,1,3,4,4,4,5,3', '47:57', 14, '35'),
(79, '17181179', 89, '6,65,4,27,28,22,51,23,14,29,67,66,70,64,69,60,68,72,5,17,71,18,11,25,20,9,3,62,24,52,15,26,61,57,13,1,21,74,7,63', '4,2,5,2,5,4,5,4,3,2,1,1,3,1,3,2,2,1,3,4,1,5,5,5,2,2,1,2,4,3,1,2,3,1,4,2,2,1,1,3', '62:27', 11, '27.5'),
(80, '17181261', 89, '29,3,58,22,4,74,5,63,8,57,70,7,72,12,9,14,68,65,15,19,11,20,54,13,60,27,28,62,59,1,30,17,64,53,25,67,26,16,2,6', '3,4,5,3,3,1,1,3,4,4,5,4,1,3,1,3,1,5,4,4,5,2,4,2,2,4,2,2,2,4,2,1,5,4,4,1,2,4,1,5', '73:01', 26, '65'),
(81, '123456789', 89, '9,63,23,14,64,54,53,68,69,18,67,57,71,52,8,66,22,24,65,16,70,25,61,29,11,3,12,17,21,58,10,19,30,60,51,4,7,74,6,15', '1,3,5,4,2,2,4,1,1,1,3,1,1,3,3,4,5,3,2,5,3,2,5,5,5,4,1,1,5,5,5,4,2,5,2,3,4,1,2,5', '71:29', 24, '60'),
(82, '17181189', 89, '16,21,30,57,27,53,71,29,9,14,74,12,64,4,24,60,1,22,5,17,70,61,11,54,25,65,7,26,72,67,10,69,66,63,23,52,3,59,8,2', '1,3,4,2,4,4,1,3,2,3,1,3,5,5,3,2,1,3,1,4,3,2,5,4,3,1,4,3,1,2,5,3,5,2,2,3,1,4,3,4', '68:47', 0, ''),
(83, '17181271', 89, '8,72,13,59,17,1,4,16,2,9,18,24,62,15,52,30,53,3,26,7,27,22,61,20,19,74,11,68,29,12,54,60,67,51,10,69,23,71,5,21', '4,1,5,1,4,2,4,5,3,3,5,1,5,3,5,2,4,3,5,4,4,4,3,3,1,1,5,1,5,4,4,4,2,2,5,3,2,1,1,2', '76:30', 16, '40'),
(84, '16171178', 89, '52,13,1,61,19,28,64,26,70,71,5,7,24,22,59,21,66,57,68,14,2,16,23,29,62,9,8,51,58,72,4,6,67,27,15,20,54,3,30,74', '1,1,4,5,5,1,3,2,4,1,4,1,1,2,4,2,2,1,3,3,3,3,4,4,3,1,3,2,5,1,4,5,1,4,5,4,4,1,1,1', '18:41', 14, '35'),
(85, '16171294', 89, '17,9,21,20,22,61,74,29,68,5,28,30,15,63,72,23,27,64,1,4,58,67,10,11,3,51,65,16,18,13,71,7,70,26,53,24,12,59,66,19', '5,1,5,3,1,5,1,2,4,4,4,2,5,4,1,2,1,2,4,3,1,2,3,1,3,2,1,4,3,1,1,5,2,5,3,2,3,2,4,2', '14:28', 13, '32.5'),
(86, '16171109', 89, '21,28,26,19,1,16,15,64,17,51,11,27,4,3,72,18,66,6,30,54,67,7,5,20,12,10,29,60,59,74,71,63,52,69,62,13,53,23,2,68', '3,2,4,2,5,1,5,5,4,4,3,3,4,3,1,1,1,3,1,4,1,1,4,2,4,4,1,2,2,1,1,5,3,3,1,4,4,1,2,1', '15:33', 16, '40'),
(87, '16171148', 89, '61,1,24,72,65,57,29,19,30,67,28,25,68,8,13,51,71,63,5,23,2,70,7,62,74,66,27,60,22,10,18,17,69,54,9,58,53,4,14,6', '4,4,2,1,4,3,2,4,4,4,3,1,1,3,4,3,1,2,2,2,3,2,5,4,1,1,4,2,3,4,1,3,1,4,1,5,4,4,3,5', '13:07', 20, '50'),
(88, '16171441', 89, '9,64,20,70,51,54,8,71,62,25,61,26,18,17,21,14,58,30,65,16,11,28,22,1,53,19,72,4,68,13,2,74,23,10,67,6,3,60,57,59', '1,5,4,4,3,4,2,1,4,2,4,4,4,2,4,2,5,1,2,4,5,1,3,4,3,2,1,3,1,1,2,1,3,5,3,2,3,2,3,1', '14:56', 10, '25'),
(89, '16171154', 89, '11,29,5,69,28,58,17,61,60,20,8,12,71,13,57,21,63,68,6,62,1,7,66,23,64,3,70,27,51,67,15,65,19,18,14,4,16,54,26,24', '5,5,1,3,5,5,1,1,5,2,3,3,1,2,1,5,3,1,5,1,4,4,1,1,2,4,3,2,2,1,5,4,4,1,3,3,4,5,2,1', '10:33', 27, '67.5'),
(90, '16171063', 89, '54,19,2,14,22,6,3,71,26,57,64,70,67,7,72,59,20,60,12,23,10,18,4,74,8,52,61,5,28,29,51,9,69,58,13,27,63,62,16,53', '5,4,3,3,3,5,1,1,4,1,2,3,1,4,1,2,2,5,3,1,5,1,3,1,3,3,1,1,5,5,2,1,3,5,5,4,3,1,4,4', '07:17', 29, '72.5'),
(91, '16171144', 89, '28,25,71,60,19,64,15,26,53,57,5,10,29,13,61,16,14,68,23,12,67,8,18,17,72,74,22,30,65,3,66,11,63,24,1,62,52,54,2,21', '0,0,1,0,0,0,0,0,0,0,0,0,0,0,0,0,0,0,0,0,0,0,0,0,0,0,0,0,0,0,0,0,0,0,0,0,0,0,0,0', '29:20', 0, ''),
(92, '16171072', 89, '9,74,61,52,68,69,11,7,10,30,17,12,70,1,28,58,20,18,66,26,3,29,2,63,5,4,62,64,53,65,60,27,25,24,59,6,13,54,14,67', '1,1,2,3,4,1,5,5,4,1,1,3,5,4,4,5,2,1,1,2,5,2,3,2,1,3,2,4,4,2,3,5,2,4,2,5,4,2,3,4', '07:35', 19, '47.5'),
(93, '16171203', 89, '25,30,9,71,8,7,74,20,11,1,59,4,70,51,63,53,14,72,12,24,22,26,15,3,67,29,64,18,57,21,66,52,16,60,27,62,17,54,5,61', '3,3,1,1,3,5,1,2,4,4,2,3,2,4,4,4,3,1,3,5,3,2,2,3,0,0,0,0,0,0,0,0,0,0,0,0,0,0,0,0', '20:18', 0, ''),
(94, '16171389', 89, '62,63,15,16,14,27,60,7,17,64,68,25,8,52,66,59,12,69,23,70,2,13,22,18,29,10,74,57,28,65,21,5,30,61,24,4,11,53,6,58', '2,1,5,2,3,2,3,5,4,1,1,4,3,1,1,5,4,4,1,1,1,1,4,3,3,5,1,3,2,3,1,3,4,1,4,1,1,4,4,5', '10:13', 12, '30'),
(95, '16171399', 89, '66,30,18,65,20,59,28,23,14,21,25,17,58,6,2,9,10,27,54,1,71,16,19,8,29,63,57,64,3,24,52,72,68,26,62,4,5,60,7,67', '3,1,5,4,1,1,3,1,3,5,5,3,5,1,4,1,3,4,2,4,1,1,5,3,3,1,1,5,3,4,3,1,1,5,4,4,1,2,1,1', '17:13', 16, '40'),
(96, '16171136', 89, '74,63,59,72,30,71,52,65,54,66,64,62,2,4,18,17,60,24,68,9,12,27,61,21,1,19,67,7,51,8,16,26,53,14,25,15,70,20,10,3', '1,4,1,1,3,1,3,4,4,2,5,4,2,3,2,1,2,2,4,1,3,5,5,3,3,4,4,1,3,3,4,5,4,3,4,5,2,1,4,1', '15:49', 14, '35'),
(97, '16171434', 89, '22,20,65,51,4,15,8,58,59,28,61,11,74,29,24,12,23,63,1,60,72,25,69,26,9,2,17,3,57,6,30,19,64,18,70,66,21,13,7,54', '3,2,4,2,4,2,3,5,2,3,5,5,1,3,3,2,2,2,4,4,1,2,3,5,1,4,1,5,4,3,5,4,5,1,2,1,5,3,5,4', '13:12', 21, '52.5'),
(98, '16171387', 89, '51,52,6,69,72,60,26,17,27,62,53,67,13,14,1,22,5,21,71,7,9,10,16,74,28,64,18,8,4,23,70,59,12,15,29,24,61,57,2,3', '3,3,5,3,1,1,2,2,1,1,3,4,2,5,4,2,4,1,1,5,1,4,4,1,2,5,1,4,4,3,2,2,3,3,1,2,5,3,2,3', '16:48', 16, '40'),
(99, '16171100', 89, '24,15,17,70,52,69,62,8,5,71,28,1,74,23,60,19,64,59,51,3,61,58,2,12,10,30,18,63,66,72,25,21,27,4,65,26,53,20,16,67', '3,5,5,5,3,3,1,3,1,1,4,4,5,2,2,2,5,2,2,1,4,5,3,3,3,1,3,3,5,1,4,5,5,3,4,2,4,2,2,4', '13:17', 17, '42.5'),
(100, '16171230', 88, '25,6,53,59,29,8,30,17,13,67,52,24,10,51,66,26,71,62,21,57,72,28,14,1,9,4,5,63,2,7,18,3,27,23,20,54,16,19,61,22', '2,5,4,2,3,4,1,4,5,1,3,3,2,3,1,4,1,1,1,1,1,2,3,4,1,4,1,3,1,4,5,4,1,3,2,2,3,4,5,3', '11:33', 24, '60'),
(101, '16171299', 88, '17,18,60,29,68,8,58,12,15,19,21,5,70,54,10,13,65,51,25,2,74,69,9,52,53,57,61,67,24,16,66,22,30,4,63,71,20,27,1,11', '0,0,0,1,4,2,0,4,1,2,2,1,1,3,1,5,4,2,5,5,1,1,1,3,3,1,4,4,1,2,2,5,5,4,4,1,5,2,5,4', '12:47', 11, '27.5'),
(102, '16171300', 88, '70,2,5,14,74,25,64,51,54,13,61,17,65,8,62,1,57,28,4,22,72,23,16,6,19,11,3,53,9,68,29,67,27,69,59,21,63,52,10,18', '3,2,1,1,1,5,4,2,1,5,1,4,1,4,1,5,3,5,2,3,1,5,1,5,5,5,5,2,1,5,2,1,1,2,4,4,5,3,5,3', '05:07', 0, ''),
(103, '16171301', 89, '67,23,63,29,15,4,51,53,11,8,16,58,12,20,61,60,69,65,68,64,22,19,74,28,24,62,72,3,6,27,54,30,2,9,52,14,5,71,59,7', '4,4,3,4,5,5,2,4,2,4,4,5,3,4,3,2,2,4,1,1,3,4,1,3,5,3,1,3,4,2,4,2,3,1,5,1,3,2,1,4', '13:41', 15, '37.5'),
(104, '16171161', 89, '5,29,30,62,24,28,18,66,7,72,10,52,63,21,26,9,11,23,51,53,70,6,67,71,13,65,69,4,59,1,27,19,57,60,74,58,2,17,8,68', '4,3,2,5,2,3,2,1,4,1,4,3,4,3,4,1,4,4,4,4,1,3,4,1,2,1,3,3,3,4,1,4,2,4,1,5,4,4,3,1', '15:07', 17, '42.5'),
(105, '16171401', 89, '7,51,69,22,25,66,62,9,70,24,3,8,6,10,58,54,28,18,67,5,1,27,15,2,30,52,29,19,53,13,4,61,68,23,60,11,20,12,65,17', '4,4,1,2,5,2,1,5,2,1,1,3,4,5,5,2,2,5,3,1,4,1,3,3,1,1,3,4,3,2,4,1,2,2,5,5,2,3,4,4', '15:21', 19, '47.5'),
(106, '16171345', 89, '23,71,7,74,15,18,52,63,62,14,17,61,13,60,27,64,29,72,57,51,58,68,54,26,2,4,10,53,1,3,8,6,21,5,59,12,11,9,67,70', '2,1,4,1,3,1,3,5,3,5,1,3,5,2,4,1,5,1,1,3,2,2,5,5,5,4,2,2,1,3,3,4,1,1,4,4,3,1,1,4', '07:38', 17, '42.5'),
(107, '16171315', 89, '3,53,58,19,30,9,13,2,57,5,14,24,1,54,7,62,74,71,51,26,8,67,61,68,25,10,12,66,60,63,23,27,20,52,4,64,65,59,15,11', '3,3,5,4,2,1,1,4,1,1,3,4,4,4,1,2,1,1,2,3,4,4,5,1,2,4,5,1,3,2,3,3,3,3,3,5,1,2,2,4', '13:53', 16, '40'),
(108, '16171329', 89, '12,30,14,70,23,17,5,71,26,7,8,4,18,53,74,58,63,62,20,59,69,16,61,27,28,13,9,67,51,72,21,64,11,54,68,52,1,10,66,3', '3,4,3,4,5,2,1,1,2,4,4,4,1,3,1,4,3,1,2,2,3,0,0,0,0,0,0,0,0,0,0,0,0,0,0,0,0,0,0,0', '00:21', 12, '30'),
(109, '16171353', 89, '74,1,69,64,28,6,3,65,59,15,21,23,18,53,13,29,7,57,9,10,52,22,66,27,67,5,58,19,60,20,17,72,71,26,12,11,63,70,16,51', '1,3,4,5,2,5,1,4,2,5,5,1,1,4,5,5,1,2,1,4,3,3,3,1,4,4,5,2,2,2,3,1,1,4,4,5,5,4,1,2', '12:43', 17, '42.5'),
(110, '16171445', 89, '25,66,53,65,8,22,4,3,57,74,58,28,21,5,29,9,20,10,24,62,59,16,63,64,52,2,27,15,17,70,7,61,67,11,72,68,69,14,12,60', '1,1,1,4,3,4,4,3,1,1,5,2,2,4,1,1,2,4,2,4,2,4,1,2,1,3,5,3,3,2,1,4,4,5,1,2,4,1,3,3', '21:26', 18, '45'),
(111, '16171343', 89, '13,20,59,67,22,9,30,11,3,21,17,8,29,27,4,65,25,60,16,7,28,69,63,72,62,68,6,15,66,70,53,58,12,10,26,54,61,64,24,74', '2,2,2,4,3,1,5,5,3,5,2,3,2,3,4,2,5,3,4,1,3,3,4,1,1,4,5,3,5,2,4,5,3,5,3,3,4,2,4,1', '17:28', 19, '47.5'),
(112, '16171394', 89, '61,23,26,5,17,29,11,57,64,7,15,63,24,18,66,30,65,8,59,19,21,68,2,51,71,4,14,20,58,3,9,69,60,52,6,70,12,67,1,27', '5,3,2,1,2,4,1,1,2,4,4,1,1,1,4,5,4,3,2,4,2,4,1,4,1,1,3,4,5,4,1,3,2,1,4,4,3,4,4,3', '20:19', 14, '35'),
(113, '16171209', 89, '29,14,72,19,61,3,64,8,59,58,5,54,67,66,11,4,69,60,62,65,70,9,68,18,2,63,7,52,26,10,25,53,16,15,13,57,23,74,24,28', '1,2,1,4,5,1,3,4,2,5,1,4,1,4,2,4,1,3,5,4,4,1,1,4,1,1,1,3,1,2,5,5,1,2,1,1,1,1,2,5', '21:45', 13, '32.5'),
(114, '181910071', 89, '5,11,19,18,14,1,16,4,3,6,9,12,2,7,13,15,17,8,10', '2,4,1,4,3,0,0,0,0,0,0,0,0,0,0,0,0,0,1', '59:29', 0, '');

-- --------------------------------------------------------

--
-- Struktur dari tabel `siswa`
--

CREATE TABLE `siswa` (
  `nis` varchar(20) NOT NULL,
  `nama` varchar(100) NOT NULL,
  `password` varchar(50) NOT NULL,
  `id_kelas` int(5) NOT NULL,
  `status` varchar(20) NOT NULL
) ENGINE=MyISAM DEFAULT CHARSET=latin1;

--
-- Dumping data untuk tabel `siswa`
--

INSERT INTO `siswa` (`nis`, `nama`, `password`, `id_kelas`, `status`) VALUES
('16171422', 'SURJANI', 'f2298939792d6d4e1be938a44fce483c', 27, 'login'),
('16171419', 'SULYANTI', 'e83884299563ed95b3a9f5c133f938f9', 27, 'login'),
('16171411', 'SUHANAH', 'c8a6e8917143e9e155137ba28c0275a6', 27, 'login'),
('16171386', 'SITI APRIYAH', '72d3c6e3b7270a6e1d71cf9bd5d1772b', 27, 'login'),
('16171385', 'SINTA YULIA DEWI', 'e2f04fdca1cc4ade1f4d976b85e78ef8', 27, 'login'),
('16171382', 'SHIDIQ KHOIRUDIN', '839089a22f65bebb61feb444a7caf02f', 27, 'login'),
('16171380', 'SEPTI  NOVA LISTIANA', 'b6afdcabe7d6d7159cbf36e35945e350', 27, 'login'),
('16171375', 'SARNITI', '67e014894b0dde7f360deaec35dbe39f', 27, 'login'),
('16171371', 'SAPUROH', 'd1ea7d31b631d5019b5601201b73c565', 27, 'login'),
('99999', 'SANATI', '9b7decd2a85c27912b6f3b3f7e9d758e', 27, 'login'),
('16171321', 'RATNA DEWI', '3baccee88cfe2add75f6dac8bcbbe612', 27, 'login'),
('16171319', 'RAKHMAT AJI PAMUNGKAS', '7c563963ad7b4beef3891c3bb576f6a3', 27, 'off'),
('16171286', 'NURAISAH', 'cab8d7a0d87365071497176f9dfd515b', 29, 'off'),
('16171275', 'NASWATI', '79bcc2c2fe96f196f83902c8881f1696', 27, 'login'),
('16171265', 'MUHAMMAD NOER CHANDRA GUMELAR', 'c7503437cf220322c51beb5c772a690e', 27, 'login'),
('16171264', 'MUHAMMAD MUKTABAR MUKHLIS', '45ae2939c3ca81209e4a197f014beb9b', 27, 'login'),
('16171263', 'MUHAMMAD MUFID JAYATRI', 'cb5b86e798d36c39739e866d9d951082', 27, 'login'),
('16171254', 'MUHAMMAD ADI PRATAMA', '7e76a9c0a4a4b85c653938500f3d9dca', 27, 'login'),
('16171228', 'MUHAMAD ALFARABY', 'd72f818577e4c6ea476685f8df8d5c7f', 27, 'login'),
('16171215', 'MOCH MAKSUM FIRDAUS', '4b20b908cb8caebf3dfa7bc6485f4e25', 27, 'login'),
('16171206', 'MAYA PUJILAH', '569ca8fb5f242ca6c590d03528a6c95c', 27, 'login'),
('16171205', 'MAVIDARANI', 'ef807221eae02dbcc71ed78077ddd923', 27, 'login'),
('16171172', 'JUJU ZUCHERIYAH', 'dbfba13e785539d02bef1097d2cec661', 27, 'off'),
('16171159', 'INDAH FAJARWATI', '3d7696bb94589cfcb461cfec6d0fca90', 27, 'off'),
('16171155', 'ILHAM ADJI YUDHISTIRA', '6c277b48916523065c16404c6c9ed877', 27, 'login'),
('16171152', 'IKA DWI JAYANTI', '8e5bf460d6beaa493658e00426ae9a05', 27, 'login'),
('16171140', 'GIDION SAMUEL AWOM', '3528ee8a47d9c37660160b5177ad82b1', 27, 'login'),
('16171033', 'ALDA ', 'aca09240313a0ba0ab1ab7bfa219b060', 27, 'login'),
('16171074', 'AZIZAH RIANI', 'fce23b741b661e942ae1121d13fc7a3b', 27, 'login'),
('16171083', 'BAYU AIRLANGGA', '73ff19cd3c364eb598214de05d1f6bc7', 27, 'login'),
('16171119', 'ELSA NOVIANTI', '40bc916ae0fd1250e90abcbbc733b2a8', 27, 'login'),
('16171124', 'ERWIN SUJANA', 'c05606ca5e6cb54ff8d8a50b0ca33137', 27, 'login'),
('17181447', 'YURIDKA AMALIA HUDA', '77d29bc4151f052ee2f4b83a756e610c', 15, 'off'),
('17181443', 'YULIANAH', '1f49f07724bdb4d571412df5da7c0c4e', 15, 'off'),
('17181429', 'WAHYU DWI SETYAJI', '8cd1c5751bdb3036f69fc2cdbf2e31a1', 15, 'off'),
('17181418', 'TORIQ ZUHUD NURCAHYO', 'a6acc63d341519b0fed08c7283d002de', 15, 'off'),
('17181415', 'TERRYL IMANOV REV', '151440ba4418ef6cd338fcdf8a36c204', 15, 'off'),
('17181404', 'SUCIA NATASYA INDRIYANI', '43d804e0bd65f80ca24f9838ffe2e513', 15, 'off'),
('17181403', 'SRI RUMYATI', '77bdde7a5d666db7ff75a63901ae4a1e', 15, 'off'),
('17181401', 'SRI MAFTUKOH', '99c52c6eb4c7d2e1f8fed3fb3ef44721', 15, 'off'),
('17181398', 'SITI YUDAH', '58c78b250f9383a441ecdc56defb4779', 15, 'off'),
('17181397', 'SITI WULANDARI', '8e70efb8302144f5135325405d2f0b40', 15, 'off'),
('17181394', 'SITI NURHAYATI', '9c7647c0aece05174856407a1d6f52fa', 15, 'off'),
('17181391', 'SITI HALIJAH', 'b0bb687d5608e03bf4cf9f166c6a1193', 15, 'off'),
('17181364', 'SALAMAH', '0be97daeb8e12024a98abcf53f1e43c9', 15, 'off'),
('17181354', 'ROHMATULLAH', '7e215e9234466eaff0fc31545ebe2b49', 15, 'off'),
('17181353', 'ROHMAN ALAM SYAH', 'd85d85d70823fca311282c01a692cfc8', 15, 'off'),
('17181342', 'RINI', 'c6ec3adebcb1d531bb76b96dbaeab237', 15, 'off'),
('17181339', 'RIFQI AZIZ FAUZI', '9291cc006ce413475b175f966f5961b6', 15, 'off'),
('17181338', 'RIFKI ADI SAPUTRA', 'a8bd160979ea22873461757e3a338480', 15, 'off'),
('17181335', 'RIA APRILIA WATI', '3b84fd296d931f0aa5e1247452721c73', 15, 'off'),
('17181315', 'PUAN MAHARANI', 'da98c55b69331955c1c632ea25db153c', 15, 'off'),
('17181302', 'NURUL AENI', '45b5c5cf4f85742d819cafae8453835e', 15, 'off'),
('17181287', 'NENI APRILIANI', 'ef82a7d5a95085e3961b84c9726d3027', 15, 'off'),
('17181265', 'MUHAMMAD FAUZAN THORIQ', 'b79f321329c178d9364318595a54d9e6', 15, 'off'),
('17181249', 'MUHAMAD RIDWAN SULAIMAN', '962265570c3c70aaa9a47d3bf9ee3277', 15, 'off'),
('17181257', 'MUHAMAD URIP', '94efa25fe1e3301c4802d09ea1bd4d07', 15, 'off'),
('17181258', 'MUHAMAD WAHYU KHOIRULLAH', '899ece961b0b508fccdcc4320ca63a4d', 15, 'off'),
('17181246', 'MUHAMAD PRAMUDYA GUSTIAWAN', 'd34e1bc4a7fb3f114684d4350c1b6e9f', 15, 'off'),
('17181204', 'LINDA SEPTIANI', 'e9c3a939a5694b9bc934eca51119f317', 15, 'off'),
('17181226', 'MITHA TALIA PUTRI', 'c8475c9db528987e9b8c557ccc1cd368', 15, 'off'),
('17181230', 'MOHAMMAD IRFAN PRATAMA', '9f748250464c7840217e900836a53e01', 15, 'off'),
('17181234', 'MUHAMAD ALDI KURNIAWAN', '853f68a997d2dd8571b3ec58f3740ffa', 15, 'off'),
('17181242', 'MUHAMAD KHAERUDIN', 'a8550a34c837326cf59d3c26ae8ba51e', 15, 'off'),
('17181244', 'MUHAMAD LUTHFI', '7c90bff9c6484e14fc20563d89d4df9c', 15, 'off'),
('17181188', 'IWA MUHAMAD FAHLI', '98aa107a946f334a40afe4b23945d783', 15, 'off'),
('17181135', 'FAJAR IKHTIAR', '272ff097b4b641b90d6ed3402f3afc79', 15, 'off'),
('17181386', 'SIKTUS KONOWUT', '2db39c8835b146c36f1e22fe07a291d7', 14, 'off'),
('17181225', 'MITHA SELAWATI', '907eeaba39c987970487b9514146d5b1', 14, 'off'),
('17181220', 'MASNIYAWATI', 'ebb71c495a64e4c5eccddcfcf65c30ba', 14, 'off'),
('17181213', 'MAFUDOH', '0dafbc6f7295f8d0a3c45a55d5e26db7', 14, 'off'),
('17181205', 'LUKMAN', 'c8a5ec739682f269cce92fb30095de12', 14, 'off'),
('17181187', 'ITA SAFITRI', 'c2bddf053c4efc35f82eb16a22dd0de5', 14, 'off'),
('17181176', 'IKHWAN RIZKY PRATAMA', 'd9404a76e1d01fe49af2fd3f3ade0121', 14, 'off'),
('17181167', 'IBNU FARID AL FAUZI', '6a94e2158ad985d269f4fa511d5cf04b', 14, 'off'),
('17181162', 'HERA HERMAWATI', '1c59a3c21537275e625bc9fb5d3338d7', 14, 'off'),
('17181157', 'HARIS SETIAWAN', '71115723d55ee40be62f8ef3d9491c08', 14, 'off'),
('17181148', 'FIRMAN DANU ASMARA', '83247959e69c4dde300f643a6bf7377d', 14, 'off'),
('17181145', 'FERRY OKTA ARDIANSHA', '69c16d1db977025f5b5d7ef5d1bba0ef', 14, 'off'),
('17181130', 'ENTOL FIKRI FIRDAUS', '5e7bd05f7a8372dc4b689ff52faa4f40', 14, 'off'),
('17181129', 'ENI UNITA', 'b82c9c77d81188840e3ada005df6f02d', 14, 'off'),
('17181119', 'EKA MAULIDA ARDIYANA', 'c5d5bc916ed749ba039723bceb9b2d43', 14, 'off'),
('17181126', 'ENDAH', '04f89600a29245c2b71a4ed4cace6a5f', 14, 'off'),
('17181118', 'EKA DHEWI YANTI', '316476d397d9442e97bc91c004f8048c', 14, 'off'),
('17181111', 'DITA DWI AMANDA ISWANDI', 'eb270dd5f0d5abc8ed9172663abb3018', 14, 'off'),
('17181084', 'CHINTIA PUTRI', '3a7576500f31373f83b33a457afd7b77', 14, 'off'),
('17181079', 'BAKRIYAH', 'f844fe0537634cdfe1b2bd22b4b929ba', 14, 'off'),
('17181074', 'BAGJA FADHLU RAHMAN', '44a053a90313271bad13821ea5be045d', 14, 'off'),
('17181062', 'ASTARI ABIMANSAH', 'efbfd77374470419c332c9cbc35c43cf', 14, 'off'),
('17181057', 'ARYO DWI HARTANTO', '6a3176aa70a1f76efd23644d772f331c', 14, 'off'),
('17181056', 'ARYA RIZALDI WIJAYA', '170e4d8435c8f1e7f3bb28a114556c3c', 14, 'off'),
('17181054', 'ARIPUDIN', '7364dbe5f810cfbe5812ff53bc1a9d30', 14, 'off'),
('17181046', 'ANISAH', '6f3ddac54bfadc30428c86f93d16e8d6', 14, 'off'),
('17181044', 'ANDON PRAMUKADI SAPUTRA', '919e1f17698d828cf5a773d6eae45bfb', 14, 'off'),
('17181036', 'ALIA APLRILIANI', '107d66880809a8fd616b22f489398b57', 14, 'off'),
('17181035', 'ALI PRATAMA HASANUDIN', 'a439446bc49be22e5bd9563566d65cc4', 14, 'off'),
('17181033', 'ALFINA EKA DAMAYANTI', 'b633ab1164372da4e4917831fe825683', 14, 'off'),
('17181029', 'ALDI MULYADI', 'b7b12bd0fcd89f4d0d637ab1d405f17a', 14, 'off'),
('17181010', 'ADINDA SHITA WIJAYA', 'f19151d1712859e33780ce5bc905b113', 14, 'off'),
('17181016', 'AGYAN SEPTIANANDA', '66f441ebb7bb70c289ad56902b50f011', 14, 'off'),
('17181022', 'AHMAD USTON APRIANSYAH', 'ed496d5facd6a7ca4993247d4249d477', 14, 'off'),
('16171379', 'SELLY RIWAYATINI', '1094ee05019cfae2067c0e468618baef', 29, 'off'),
('16171378', 'SELI', '15e8e13975b578a55c981f2574bf0926', 29, 'off'),
('16171352', 'ROSADI', '91a65901db5cebe0ed501df1204abca6', 29, 'off'),
('16171334', 'RIRIS SEPTIANI', 'bddc1d1e955c3a88285a4935ba01c6ec', 29, 'off'),
('16171326', 'RENI YULIANI', '9d4a227c7184c0e41e62e632d5f3e162', 29, 'login'),
('16171309', 'PITRIYAH', 'b163bf0c60e82497788f65450b43d671', 29, 'login'),
('16171313', 'QURROTU AINI', 'b1d222c0898d5ae4790526b28c832a56', 29, 'login'),
('16171277', 'NENG LASARI', '161df64ee3a7a812658b0637b1bbf1cf', 29, 'off'),
('16171267', 'MUHAMMAD YOGA', 'f78225efdf5deffce90eed72bb651ce0', 29, 'off'),
('16171262', 'MUHAMMAD MAHDI', 'f2cace3e928891380b18027c58894618', 29, 'off'),
('16121208', 'MINA KAIKATUI', '6f78658da59bb322ad6b97d5e4257037', 29, 'off'),
('16171256', 'MUHAMMAD AZKA AZKIYA', '105b17ae6a1de94542dd31375ec6e939', 29, 'login'),
('16171222', 'MUGI PEBRIANSYAH', '9cff533bce95975b7ec840d6a901c866', 29, 'login'),
('16171212', 'MILA HASANAH', 'a70f02053bfa38ae6bf6c62e577a0a96', 29, 'login'),
('16171445', 'YOLANDA ESTER MELISA SARMAULI YANTI SIMAMORA', '434b58a4ce0a48e65bce7ada85e7e083', 28, 'login'),
('16171441', 'YAYAH HUDAWIYAH', '77f92f5c999480755e23adc01b2a4282', 28, 'login'),
('16171434', 'VIVI NOVIANA', '829d36a9093744e100c87d5d722b9a90', 28, 'login'),
('16171401', 'SLAMET HARI SANTOSO', 'a9b1d63ae8faa7b520a15b1251add306', 28, 'login'),
('16171399', 'SITI SURYANTI', '5c710ba63a747860f036bb542e172d45', 28, 'login'),
('16171394', 'SITI NURJANAH', '4b0bf41518f248a8f6b0705dbe224375', 28, 'login'),
('16171389', 'SITI KHOIRUNISA', '830397af2a4104b2859d8b2401bd5ef4', 28, 'login'),
('16171387', 'SITI ARBAINAH', '363d12c12693ffe7577a695a496e370f', 28, 'login'),
('16171353', 'ROSITA WATI', '77734ffe9b92ea03ec8d45c7410b8d4d', 28, 'login'),
('16171345', 'RIZKY ARIF KURNIAWAN', '550d51c1dc1f4cd04d288f9935cd8f92', 28, 'login'),
('16171343', 'RIZKI ARIF ROMADHAN', 'f5c291fa7dfaaa462d4cfee67b1d3c1e', 28, 'off'),
('16171329', 'RICOH SETIA WIJAYA', '0be7113f3d691ce8bded89ba854e7563', 28, 'off'),
('16171315', 'RAHMAD DIAN PAUZI', '1957066d15c3e32617808945341a9975', 28, 'login'),
('16171301', 'NURUL FITRI ISTIQOMAH', '26ba4668d45f7d7fca34c66e2249013b', 28, 'login'),
('16171300', 'NURUL APRILIANI', 'dfbf9bebeb763078fae6739dbf092fb5', 28, 'mengerjakan'),
('16171299', 'NURSANAH', 'de0684da88197357b6ebbea377c27d18', 28, 'login'),
('16171294', 'NURENI', 'e56c7e854590d158d9d7c48e0928912f', 28, 'off'),
('16171230', 'MUHAMAD ARI HIDAYAT', '818e537bdb90b17a6098a7d50c8e4d61', 28, 'login'),
('16171209', 'MELINDA SARI', '81a9626d765820efda17386b858b5094', 28, 'login'),
('16171203', 'MAULANA AGUSTA PRAJA', '6ae5d2ee1ad0847f628794e8544c95d8', 28, 'off'),
('16171178', 'KARLINA SAFITRI', 'ac5e3417c57784d30d5604bf1939aa2c', 28, 'login'),
('16171161', 'INE USTINAH', 'fccb94aa7d04932cf41a3d52f2e61930', 28, 'login'),
('16171154', 'IKHSAN ARIA NUGROHO', 'c2d4ea296143cdef72b1ff5cb027aba1', 28, 'login'),
('16171148', 'HIDAYATUL JANNAH', '5eae18dc8b2f38e3a1fee990632ce356', 28, 'off'),
('16171144', 'HAYATI NUFUS', '943827c6f0fdbfc7fa3643a9440d3a1e', 28, 'off'),
('16171136', 'FITRI AMELIA WARDANI', 'b50b5a692bf4199456329af7b86c8e4b', 28, 'login'),
('16171123', 'ERIK', 'df5b6ab1fcfab8185b1d3a0150c27162', 28, 'off'),
('16171109', 'DINI APRILIA', '17fc437b92dc11fe828e41a6623c9e63', 28, 'off'),
('16171100', 'DIANA FITRI', '999dacf1f44229816262f456e72cf196', 28, 'login'),
('16171072', 'ASWATUL JANAH', '469fafe6f3b4253d8d9808b3eb272f5d', 28, 'login'),
('16171063', 'ARI PRIANDANA', 'bbabbd324022ac0bb2aacd56878bf23c', 28, 'off'),
('16171047', 'ANDI ANARI', '122562cd515eaa744f32412f1a2dc228', 28, 'off'),
('16171005', 'ADE GENTA MARDIANTORO', '8180589a65185b62728e91c35ff90bd8', 28, 'login'),
('16171454', 'ZULKIFLI', '3c1cdf3fe35500237f39ca798678465f', 27, 'off'),
('16171438', 'WIGUNO', '7b50ebf4c61c18723920180a2b335489', 27, 'login'),
('16171384', 'SILVIA INJLIN CHASIM', '1aefb85459ce0e4e1f7964d77ffaf085', 29, 'off'),
('16171207', 'MEGA LAMPIDA SARAGIH ', '8bea075075883f535492e213cc19de6f', 29, 'off'),
('16171183', 'KRISTINA IYO MUSI', '495f2ec4b4253ced7cdab36b7f72a4ce', 29, 'login'),
('16171128', 'FANY RAHMA SARI', '0d489a923e85ee43743679e61080b389', 29, 'login'),
('16171116', 'ELBARI TAQZIM', '7f6d50e3bd910613453258dbfa30521d', 29, 'login'),
('16171114', 'EKA YULIANTI', '6bae3adf60517e97ef866259e8298c7b', 29, 'off'),
('16171084', 'BAYU ANGGARA', '4b5bd086026ad1c589bd5b5d290fee09', 29, 'off'),
('16171079', 'BAKRIAH', '26580bd3be55407c076c8b6852140f73', 29, 'login'),
('16171058', 'APID NURHADI', 'd1c740270dc802436bb29efa25bf9740', 29, 'off'),
('16171051', 'ANISA FITRI', '9584812f72f281cb29ede8f87b28e635', 29, 'login'),
('16171044', 'AMANDA NISA NATASHA SANTOSO', '058145cb8edb9ebf968e531937e91817', 29, 'login'),
('16171009', 'ADI WICAKSONO', 'a7c29685489fc0469d026658e83e955e', 29, 'login'),
('16171388', 'SITI ASIAH', '99eb577024c28c6da928d4e1bf265b35', 29, 'login'),
('16171431', 'TUTI ISMAWATI', '6e9a812db2ad4fb3b358efb267fd0ea6', 29, 'off'),
('16171439', 'WINDAWIDIYATI', '1539cd8544172b64182420a0c9361025', 29, 'off'),
('16171447', 'YULIYANA SEPTIYANI', '5f8bd197ab4027ce6964c395ef8453c7', 29, 'login'),
('181910062', 'ARIS HARDIANSYAH', 'effdd4e924fcd4ed0836e65fdf0fd786', 3, 'off'),
('181910071', 'AUGRY AYU MILANDA', '1b439b4390291c74ff4258a9155e3887', 3, 'mengerjakan'),
('181910077', 'BADRIYAH', 'b2370b45dee6a4e030bcbf51cffdc7f1', 3, 'off'),
('181910100', 'DENY AKBAR', '7e4e0b9c2c86bc148192d86907766a71', 3, 'off'),
('181910110', 'DIAH PUJI LESTARI', 'cc63765d247e50b7bbe992165fbf713a', 3, 'off'),
('181910128', 'ELA NURAENI', 'c07d8f3be977218f8ba2bcd5e74525ed', 3, 'off'),
('181910139', 'FAISAL ADI SAPUTRA', '71510491d636cdf2d7fad3b211629c8f', 3, 'off'),
('181910143', 'FANI YULIA SUSYANTI', '9bfefe115b752bbaa532c293b4a7dd7b', 3, 'off'),
('181910164', 'HARIS DAHILULLAH', '979d98fbc0066cf0e3fa460babeb1daf', 3, 'off'),
('181910209', 'JULEHA', 'ddefcdf83d68881ab88c987b37f70630', 3, 'off'),
('181910210', 'JUMANTI', 'ed942b221360154fad188e4dd0e8f5db', 3, 'off'),
('181910215', 'KHAERANI AMELIA', '9958c8e84af7c475f5b1f720a3312188', 3, 'off'),
('181910228', 'LISA YURIKE', '168a051c1147d504f832ac8a0a1ebdd1', 3, 'off'),
('181910235', 'MAESAROH', 'ed715c28ca58d6443ff8ed75a4aa7ed3', 3, 'off'),
('181910252', 'MOHAMAD SAHRONI', '9641b3a1a0cd4008550ec50fdb0fd65e', 3, 'off'),
('181910281', 'MUHAMMAD IQBAL SETIAWAN', 'aa7f5dcb494b309524512ac9c52d2ae0', 3, 'off'),
('181910290', 'MUHAMMAD RIZKY HASBILLAH', 'eb09fbf27441c4dd348afac7fa2e136e', 3, 'off'),
('181910303', 'NENI', '23d5d8181a82d1523264a0532d847c5a', 3, 'off'),
('181910316', 'NUR RAHMA FASHA', 'edfe003f5b2724b9c38be94b1b8b3ac2', 3, 'off'),
('181910320', 'NURMALIAH', '76a3a7a964c604fe28fcd3cb7bcdb740', 3, 'off'),
('181910324', 'NURUL HOTIMAH', '2926522cedeff886e5c00f1c242ce660', 3, 'login'),
('181910343', 'RIAN PAHRIJI', '0f1aac3e672879953ead985ada208d3c', 3, 'off'),
('181910344', 'RIFKI HARDIAN YUDISTIRA', 'c320e591cdbc42e95560506888cce120', 3, 'off'),
('181910370', 'SAFITRI SAUDOH', 'fd1c95521fc10624430f1c8e4a106cdc', 3, 'off'),
('181910371', 'SAFNAH', '660dcb02527bbfaa08a17077ea66a0a3', 3, 'off'),
('181910391', 'SINDI', 'd9c9cc144e7455ecdb54b2ddab540bcb', 3, 'off'),
('181910416', 'SOPIAH', '682bdec2cd2cad8df0ec8a3a9f5f5eef', 3, 'off'),
('181910438', 'SURATUL RIZQI', 'fdc3c7553455a2452f60fb56330e0beb', 3, 'off'),
('181910440', 'SUTIHAT', 'c29d103979f9f9e667ae3bf75fc84946', 3, 'off'),
('181910443', 'TARKIYAH', '8e5574a13f79401000cde6ddd955f003', 3, 'off'),
('181910447', 'UMI KULSUM', '5619de3e91c90a7d082bbec7c0f2e06b', 3, 'off'),
('181910450', 'VIERI GINOLA EIGHTIAN', '0c0de584e23442b9a4d744ee821ca1ef', 3, 'off'),
('181910458', 'WIWI SUPRIYATI', '8a91b9a09f07b0aa6aca6bd1b87e09e6', 3, 'off'),
('181910023', 'AINUN JAMIAH', '3d73b94a1b27fbac9fcf22ed243127e3', 4, 'off'),
('181910046', 'ANDI SOBIRIN', '20ff7f179c5691760ed154f94d967940', 4, 'off'),
('181910051', 'ANIA', '75800f73fa80f935216b8cfbedf77bfa', 4, 'off'),
('181910052', 'ANIS SANAWATI', '82525596fbd31b607a4656173d39fced', 4, 'off'),
('181910060', 'ARIAH', 'c015a08b1c532058498d54cbaf0318c9', 4, 'off'),
('181910091', 'DAVA DENAWA DWIYANA', 'a07e9e6d6f8c1d991c7069c31185abe8', 4, 'off'),
('181910136', 'EVI NURSYFA', '8af802c3b6ec8f74dc14cfefacb6fd85', 4, 'off'),
('181910154', 'FIKA AMALIA', '390161d4b93e084cbd05709836469a93', 4, 'off'),
('181910176', 'IDA NURAIDAH', 'cd4af33eb5bee6845a849ad0de6e7171', 4, 'off'),
('181910179', 'IIN ANIMAH', 'a23cc6a0a147a001aa066d7ee318ddb9', 4, 'off'),
('181910193', 'IRMAN SAPUTRA', '609e1c9adf6220a128deb30597a390a7', 4, 'off'),
('181910200', 'JAENAB', '3a1ba362de6639ca294ed9d1fcb0841b', 4, 'off'),
('181910212', 'JUMSAYURI', '21ce43a0162b7cb215c4a311937918d2', 4, 'off'),
('181910226', 'LIA AMANDA', '2ff16b5179f2f8b352cc926acd5b1525', 4, 'off'),
('181910230', 'LITA MARLITA', '733e19f94c275f30a2e510cc24c3f802', 4, 'off'),
('181910234', 'MAESAROH', 'fd8cf909089315db23129cd1b9d4714d', 4, 'off'),
('181910269', 'MUHAMAD ROHIT HIDAYATULLAH', '1fc772419c3ab82cc477d08f74ba5d9e', 4, 'off'),
('181910288', 'MUHAMMAD RIDWAN RAMADHANI', '002381d2512749b1a7babac8540b0c8f', 4, 'off'),
('181910291', 'MUHAMMAD RIZQY ALKAROM', '6b1bd8e215ea963bac4588d6b84aae68', 4, 'off'),
('181910295', 'MUKHAMAD SATRIA WAHYU WIDANA', '4e2e90eda228c60d2c5b2642685a9dc1', 4, 'off'),
('181910306', 'NIAH NUR\'AINI', '047287a240c133bda88de3f7ba475a96', 4, 'off'),
('181910311', 'NOVA FITRIYANI', '3366201b417ba609f2dc09eb73283883', 4, 'off'),
('181910332', 'RAIHAN TAUFIQUROHMAN', '79dab42b26ab488c6fa26a2482fa2e0e', 4, 'off'),
('181910349', 'RINI ANDRIANI', '154fa5723cf306057c0dbe18649d1ed0', 4, 'off'),
('181910355', 'RIZKA FADLI ROBIBI', 'a400019a8d17df2d7e98bbb2a1e14a8c', 4, 'off'),
('181910382', 'SEPTIA DWI ANJANI', '3d16401da75262ad2da20b43b4ddc033', 4, 'off'),
('181910384', 'SHAFITRI SOEKMAWATI', 'c291b01517f3e6797c774c306591cc32', 4, 'off'),
('181910395', 'SITI ALAWIYAH', 'f60342edec3400ff83510e7a9dd316c1', 4, 'off'),
('181910408', 'SITI UCU FEBRIANI', '26f2d6fc0d3a39399f7218fe5f253824', 4, 'off'),
('181910410', 'SIVA MAHARANI', 'd6e729196e8f24752e645f53d4f5b67d', 4, 'off'),
('181910417', 'SRI AYUNI', 'b000e9d630d360a9623fd78c49c8b85a', 4, 'off'),
('181910433', 'SULIAH NOVIANI', '23c4bbbc8fba103ed3e435d9cc598650', 4, 'off'),
('181910444', 'TIARA SUSILAWATI', '970bf1d04d4209f3d40cd043bdc4ae46', 4, 'off'),
('181910445', 'TIKA LIFIANA', '945a6756909ecaaa834f5bfce5fa69b7', 4, 'off'),
('181910454', 'WAHYUDIN', 'fe4de3e193fa0b6f7abd5f7b8a255916', 4, 'off'),
('17181020', 'AHMAD MUHAEDI', '146aa53c0b809e33bf8af8b1fb0bf8d9', 16, 'off'),
('17181038', 'ALKA WIDIYAN SAPUTRO', '66cc72c0bdc136c131cd7e2f538e1838', 16, 'off'),
('17181041', 'AMIMAH', 'db92892e592a92d53d6b6ebaf6db5c9e', 16, 'off'),
('17181045', 'ANIS SUNANDAR', 'd9f9b3e3d11e5cf4f15ca83e0b0e5279', 16, 'off'),
('17181059', 'ASEP GUNAWAN', 'e297d1a360a817f7a9a564424503b8be', 16, 'login'),
('17181075', 'BAGUS EKO PRASETYO', '4a2aa0ac16e28663a2b07c82173db942', 16, 'login'),
('17181081', 'BAYU DININGRAT', 'f2a48a8740c6cc0b19b5f4fb349d4bb8', 16, 'off'),
('17181137', 'FARAH AMELIA', '0d8ea16d3e4d03a131ba2b3cd734590f', 16, 'off'),
('17181139', 'FATULLAH', 'cca0e8db5c4fdd556ded40202744db68', 16, 'off'),
('17181141', 'FEBRI AGUNG SAPUTRA', '5ed286191da2a67a7f65f4f203d2b433', 16, 'off'),
('17181158', 'HASAN BASRI', 'eec6c8eb9d1370e0bf6177c3913538c8', 16, 'off'),
('17181159', 'HASANAH', '4b8798a3244493ead98d3747afe0a265', 16, 'off'),
('17181179', 'ILSAN INDRA SAPUTRA', 'ed4a8846815612015b97f828d38831cf', 16, 'login'),
('17181189', 'JAENUDIN', '1e4dafdd6d36f4a472451f8fb221d387', 16, 'mengerjakan'),
('17181194', 'JULEHA', '5fdcef83f347c8cc96c478a4934bff76', 16, 'login'),
('17181196', 'KARIM PUDIN', '51dc72b15fd784706158c362faf8f380', 16, 'off'),
('17181209', 'M. DARIS SHODIQ', '3fa448aa9ed37a55e77252d2e35f4a3c', 16, 'login'),
('17181211', 'M. TEGUH RIYANTO', 'a626769d30b5286bc9221fce7e669842', 16, 'off'),
('17181219', 'MARJUKI', '8240d52ca752c3a100b8dac2367fbd97', 16, 'login'),
('17181228', 'MOHAMAD DICKY CAHYADI', '0a6ec6fad54ca05b7e8df10bdc2e2225', 16, 'login'),
('17181256', 'MUHAMAD SYARIFUDIN', '788eeed8058ea1d72b3eba8a7b31a706', 16, 'off'),
('17181261', 'MUHAMMAD ARROYA', '00bbd08ae737fe0cbea38c270d8c4ae2', 16, 'login'),
('17181271', 'MUHAMMAD TRI ASMORO', 'baa84f93042da071b390e404221b2a41', 16, 'login'),
('17181273', 'MUNAROH', 'c8ae055eead27c55ea55cdcb70e14949', 16, 'login'),
('17181290', 'NIDA NURMALIA', '72be466267d7f8d59f7cbc4ed65cbc62', 16, 'off'),
('17181298', 'NURHASANAH', 'ac614ac034424f16edb918cf9c524e95', 16, 'off'),
('17181371', 'SANTI', '6c596d7135f7e1374031ccb9eb8828e4', 16, 'off'),
('17181375', 'SARMILAH', '5c76a3699ba2e314360cd83aa82d99f8', 16, 'login'),
('17181390', 'SITI AISYAH', 'f431b3543fe57e0b3f16ed0e8fa8ba2e', 16, 'off'),
('17181396', 'SITI SINDAYANAH', 'b7b412e3647b3543922dcd8ae2d80937', 16, 'off'),
('17181420', 'ULFAH OKTAVIANINGSIH', '850b3e9f0fe5416af11a7873028e21ef', 16, 'off'),
('17181405', 'SUHERMAN', 'a6964dcf2053cebfc2e342c853adbb77', 17, 'off'),
('17181378', 'SARWANI', '855e3dc24750af46ce8a7bdd1f64e1d0', 17, 'off'),
('17181377', 'SARTINAH', '864844aa47edfae8c3a30d1638b4de73', 17, 'off'),
('17181376', 'SARMIN', '907dd5d38c3bd24f119d7b19485457e8', 17, 'off'),
('17181373', 'SARIF RAHMAN HAKIM', '16ba0397acc587af0a835bb1e30f40c2', 17, 'off'),
('17181347', 'RIZKI AFRIYANTO', '05f8aaba5c3c2b62400763e43d9af949', 17, 'off'),
('17181332', 'RESA AULIA PUTRI', 'e939ed2733d7e88e6928dd6f62f43409', 17, 'off'),
('17181328', 'RATNA SARI', '11b4aff084fd75fc31a35bc464be34c4', 17, 'off'),
('17181326', 'RANI SRI RAHAYU', '08866782c51b1a402bebaf5ec2aba93b', 17, 'off'),
('17181310', 'PADLI SAPUTRA', '8f786ac395f0b24a41b62021894dd782', 17, 'off'),
('17181299', 'NURIAH', '6b6e273c60c290056cfa83fcd20130c8', 17, 'off'),
('17181295', 'NURAENI', '55ecbbe4541de139a34c339db12ac705', 17, 'off'),
('17181294', 'NUR HAYATI', '5802125d13a1537f9a35b09069823881', 17, 'off'),
('17181289', 'NICO SAHRONI', '12a975dba521827f1909d3de5097c297', 17, 'off'),
('17181286', 'NEDI NASRONI', 'd5a6d2577066cc9aebac085166ff8126', 17, 'off'),
('17181284', 'NARYONO', '65a19125bf6cfe0ace30e2f4c0473b5d', 17, 'off'),
('17181281', 'NAJIULLAH', 'b4f8db65395685056236f12b52b80afa', 17, 'off'),
('17181279', 'NAHRI', '1374ac05138df75657fcb79c14d945f0', 17, 'off'),
('17181232', 'MUHAMAD ABDULLAH', 'a9541f348ac5716822535867e68998c9', 17, 'off'),
('17181233', 'MUHAMAD AKBARI', '06d2dfbb1d00da54e4d17dd5bc77d2d2', 17, 'off'),
('17181235', 'MUHAMAD ARDHIANSYAH', 'cf957885da3e653278ded632e66bec20', 17, 'off'),
('17181428', 'VITO ERIX HERMANSYAH', 'edb5e4d7fc665b42c82d992fc61de8fd', 17, 'off'),
('17181426', 'VINA NOVIYANTI', '5969cc1b120c8aeecb7bd02cca52643c', 17, 'off'),
('17181424', 'VERGI ARDIANSYAH', 'b4d3c729640a8aa63eae989fb9630468', 17, 'off'),
('17181423', 'VERA SUSANTI', '597b2c1af05d63bd60a68323de3248f0', 17, 'off'),
('17181410', 'SUMARTA', 'bebabeeb9daa54af3477d7043efcca67', 17, 'off'),
('17181431', 'WAHYU WIGUNA', '94158b8f3cf1882ad58e4a1035492280', 17, 'off'),
('17181432', 'WAHYUDIN', '586a0216ed824bb5167dea2467364ef5', 17, 'off'),
('17181433', 'WILDAN RAHMAT MUTTAQIN', 'cf4d516ca85abafb7b26406d82bf9f0b', 17, 'off'),
('17181441', 'YULIA', '2f94101d4b9212bcb55b162d5f3d7322', 17, 'off'),
('17181448', 'ZAINUL ABIDIN', '3488b1059727b9b967b3627616a6c4ab', 17, 'off'),
('181910005', ' Ade Nur Rohmah Maulida ', 'e1da9ee9444af020840560fecbcdf0df', 10, 'off'),
('181910011', ' Adzroo A\'adilah Wijayati ', 'e088beeba7813a868d0203a9d434d22d', 10, 'off'),
('181910012', ' Afifah Ayuni Aprilia ', 'b61ca527b27667cbac919af365ac654e', 10, 'off'),
('181910014', ' Agnestesia Maria Damanik ', '2fe305a63914e5c4a0fe13cc0faa4840', 10, 'off'),
('181910047', ' Andini Putri Rhahmadani ', '7424b51b518ce0cff6749e3c844599d3', 10, 'off'),
('181910049', ' Anggun Cahya Ningrum ', '5748cbcd60def41e7b9ea3cbe131add1', 10, 'off'),
('181910069', ' Atika Razma ', '8ac4817d10c3c10aabf35f9830f912d1', 10, 'off'),
('181910101', ' Desi Rusilawati ', 'edf4bdb83f6a363cede050ecdd3d396a', 10, 'off'),
('181910105', ' Dewi Anggriani ', '21b9e4c507d860a5fb88d576a24b0d5e', 10, 'off'),
('181910108', ' Dhea Nabilla ', '6ad88faa61ec0d333e2cf2de2342cac5', 10, 'off'),
('181910115', ' Dita Anisa Bekti ', '1f5894487abe21937b23a95062cf47ad', 10, 'off'),
('181910189', ' Duryanti', 'fcc1544549f10beaac519808c7168037', 10, 'off'),
('181910122', ' Dwi Agus Setiani ', '813f40aa2502a5d9dc90c03df83eba91', 10, 'off'),
('181910138', ' Fahmi Ardhi Sunoto ', 'dfbea2d9d1b759420739ebe4973bfeef', 10, 'off'),
('181910144', ' Fany Syifa Pratiwi ', '14961e07025af0c137b8c91d03aae383', 10, 'off'),
('181910165', ' Hartono ', 'f163a429128816337772c1c1af2174fb', 10, 'off'),
('181910225', ' Laela ', 'd4541e5e8aa3cb891df2e56e7076100f', 10, 'off'),
('181910232', ' Lulu Arifah Aini ', '55b9f422e07c4f1797eff27273695caf', 10, 'off'),
('181910239', ' Mariana ', '74ae8d95e19492cf2ab824a1d580e742', 10, 'off'),
('181910254', ' Muhamad Abu Bakar Sari ', '978e1a1a70f1f6bc8d50ee72b61560c2', 10, 'off'),
('181910268', ' Muhamad Rohimmudin ', '14289d2ab926b610949a5d0063f2b606', 10, 'off'),
('181910300', ' Nanong Setiani ', '91952a6f02b8a948bb48670f1b96cd77', 10, 'off'),
('181910307', ' Nida Halimah ', '1f263e251c067e0f747c1b5fa0fe3295', 10, 'off'),
('181910314', ' Nur Aeni ', 'aa032917cf99faca96860dbf26777d8f', 10, 'off'),
('181910327', ' Patoyah ', '2d82fcd1cc8b0401014bd0ada8939023', 10, 'off'),
('181910347', ' Rihayati ', '81097b90a221f71aaec54e2c1d2c23f8', 10, 'off'),
('181910348', ' Rindi Antika Putri ', 'e1554b9349ba025566d14a59fe286daf', 10, 'off'),
('181910354', ' Riska Pramudita ', '29aa92469f8a73b30b86acccb2938479', 10, 'off'),
('181910376', ' Sapa\'atun Hasanah ', 'f2d8e945805582a7d6476cb5fc8022f1', 10, 'off'),
('181910386', ' Shinta Pratiwi ', 'e350dde2bbe31387af87ecb11dd22b88', 10, 'off'),
('181910390', ' Silvia Maharani Utami ', 'fdeac2d4e437319e04397e53fbc472cb', 10, 'off'),
('181910421', ' Sri Rahayu Ningsih ', '150896f2ef5e1bc1aaa1a18cbb886a73', 10, 'off'),
('181910422', ' Sri Wilujeng ', '2e6646212af5899926141f1a94f72997', 10, 'off'),
('181910427', ' Suemi', '86be71ab84a94a557f1ebde0dcb94148', 10, 'off'),
('181910432', ' Sulastri ', '80be659a8ef4ab14b11541c7dc86acf7', 10, 'off'),
('181910449', ' Videlia Bilkis ', '33d8132e50a488119833991d61908c87', 10, 'off'),
('181910065', ' Aryadi Sangaji', '11daf522c670a13af3ff696f6d6c2314', 11, 'off'),
('181910019', ' Agustina Mardika Wati ', '99e6b031c91d197c1a343ae7a8b480db', 11, 'off'),
('181910044', ' Anandha Putry ', '71283ba150ed4afb180fbe0202bf41c6', 11, 'off'),
('181910073', ' Avief Prayoga ', 'a3bb9947ed1d809445dca2b77c9c5f7d', 11, 'off'),
('181910106', ' Dewi Firgayani ', '06547b60d753d088f5a819fa491ef564', 11, 'off'),
('181910107', ' Dewi Septiyana ', '9f744fc12c80a76bae782ade1c6bccf6', 11, 'off'),
('181910117', ' Diva Rizky Anjani ', 'edc12cc8deca9106d573d0f7faa9a653', 11, 'off'),
('181910124', ' Een Enah Sukenah', 'ef0f35f56ab0324b12b1d519d72d6c15', 11, 'off'),
('181910167', ' Hayati ', 'd8be6462469c1414774034e06dd74d52', 11, 'off'),
('181910173', ' Holipah', '7491342f44598348af3958908befdfc0', 11, 'off'),
('181910199', ' Ivo Pebiola ', '7604d8977d1ab391b4cfc278c367fa0f', 11, 'off'),
('181910211', ' Jumrboh ', '98d1ea43b6b74b9c431314aa8df4d6b1', 11, 'off'),
('181910227', ' Lina ', 'ce412e0d69b6aadc367d5630e3e9a15c', 11, 'off'),
('181910257', ' Muhamad Alden ', '9b907cbbd1af78d875e38ebc169ec838', 11, 'off'),
('181910309', ' Nisah ', '858ad0263d0bc2ed65cad5fb6e77284f', 11, 'off'),
('181910318', ' Nurhasanah ', 'd882273b0b1d310295824bab8bd72932', 11, 'off'),
('181910322', ' Nurul Hasanah ', '4682a0cf840335715ef8bad0beea9add', 11, 'off'),
('181910350', ' Ririn Handayani ', '17a40272f54916e08b798d2b720c4caa', 11, 'off'),
('181910363', ' Rohendi ', 'b58c71032abef6e6dfd1fff7a6e6d1dd', 11, 'off'),
('181910369', ' Saffa Nurul Salsabila', '08c2bf4fa7c7c640afa38cdd5db63234', 11, 'off'),
('181910380', ' Sefiya Dewi Lestari ', '5e1eca1dc17029c970fa78152f4f57a2', 11, 'off'),
('181910393', ' Siska Ayu Wulandira', '50b6ec670030857abd16c0c2bc4abc55', 11, 'off'),
('181910398', ' Siti Hotizah ', '277adfa9b3b98ca584d21dfade9abfba', 11, 'off'),
('181910402', ' Siti Nurhalijah', '9e86ef0e582a65e005069370fb14448d', 11, 'off'),
('181910414', ' Soherna ', 'dde55ea8b2a8db3a15afbfc67174c434', 11, 'off'),
('181910419', ' Sri Muti Hamdayani ', '9e0cd893312e18ce13edd53740d762e3', 11, 'off'),
('181910420', ' Sri Ningsih ', '393cdbabc177f04f04e4c0b735274464', 11, 'off'),
('181910425', ' Suci Indah Sari ', 'afc0bdb028f8344afed3224b60881291', 11, 'off'),
('181910426', ' Suemi ', '2a913426cc5e5dc3685c1325e87dd877', 11, 'off'),
('181910431', ' Suherni ', 'f5ec41d6e1a8e9dab6e834e061a9c3b6', 11, 'off'),
('181910435', ' Sunayah ', '70a7e9b2a341ffcaf19f714a5b6a1fad', 11, 'off'),
('181910436', ' Suneni ', '152b5e69017b66ad6978f913f8b7fc53', 11, 'off'),
('181910437', ' Sunita ', '84f323d75e68afcfe060aad39325aa1c', 11, 'off'),
('181910442', ' Tania Hindri', 'f62b75f047d0b690d5a6f6a936938372', 11, 'off'),
('181910455', ' Widyawati ', '266ccbc1cbfaed60b8477dd02cecbd62', 11, 'off'),
('181910451', ' Violin Kanon Br Sianipar ', '3a1a82e642f417940e9d559a4b0cde2c', 11, 'off'),
('0021992533', 'ALINA', '6d26c4d285995580566329baef3600bd', 22, 'off'),
('0028988426', 'ALVIRA TRI AGUSTINA', '39c634ca8fae693be194d383bc347c66', 22, 'off'),
('0018578757', 'ANNISA SAFITRI', '9663d3f14ed6c39b0d5a45c95af43803', 22, 'off'),
('0022570867', 'ASWATI', '5c496bd3fda2c8cbb5f6bb04ae717849', 22, 'off'),
('0026237168', 'AULIA WURI ANGGRAINY', '433931d74507b65cd8ffa9b852c5548f', 22, 'off'),
('0018813015', 'AYU MAYANG SARI', 'db29c08c87bebd4b086cfa2ce9be7a62', 22, 'off'),
('0026813156', 'AYU RAHMAWATI', '34ffad819bf73ae7dfdcc83f1ebd47c2', 22, 'off'),
('0018813032', 'AYUNING FITRI S.', '1f3ef032a28c6538347c6fafa4da5a6a', 22, 'off'),
('0018558878', 'BADIATUN NISA', '99096b2a40e081c039f083eec2f1a361', 22, 'off'),
('0027248681', 'CHINTYA MELLY EKA CHANDRA', '653f154018d3d7bad6db5e5e667740b4', 22, 'off'),
('0028853751', 'DELIA FEBRIADHA', 'fd7e5f9237ded5fee097a1e4b1443d41', 22, 'off'),
('0025810909', 'DENADA SELVIA PUTRI', '69937ed3f2ec2aeadc88b09425af8286', 22, 'off'),
('0026237114', 'DIAH PITALOKA', '1af720af52fd5a59e4f8ff4cad1e1ca4', 22, 'off'),
('0026813117', 'DIANA FEBRIANA', '95f5f8a58f9624dce64aeaf89a432a1f', 22, 'off'),
('0022283693', 'DIDIMA WARAK', '33e04d8ca7b62cf568f3d79721952d28', 22, 'off'),
('0028853944', 'DINI LUSKI', '2a06a425ba1fc29bff30d27843cdbd6a', 22, 'off'),
('0029527060', 'ELI ELISA', '61de8f788b69a1e1e0b899358607f1d1', 22, 'off'),
('0011327007', 'HERLINA AGUSTIANI', '7c7020409ccba93715a6a1e9000ff602', 22, 'off'),
('0017758476', 'IDOH HAFIDOH', '3a6ef7f7fd9ed92479967b6dd645d50b', 22, 'off'),
('0025919858', 'IIS KARTIKA', '40e32ff7ce323ae381b9dd921ce153da', 22, 'off'),
('0018813017', 'IKA WIDYANTARI', '63df137f403e57318d48f1060947b6af', 22, 'off'),
('0030152239', 'IKE SEPTIANTI', 'c61f81782d13c818ceb8656580dea4c9', 22, 'off'),
('0004147750', 'NUR\'AI', '04865e2f9efef960e6b8bdb9e55a33fc', 22, 'off'),
('0029413407', 'NURKHAMINAH', 'd8dc36ac7dc111e9f15e462d17a43cce', 22, 'off'),
('0018813026', 'NURLAILAH', 'ff546f97cccb23d3dd2e29e313a693bf', 22, 'off'),
('0011327063', 'NURUL AENI', '93af1262814233491f48cc6a7c4bde45', 22, 'off'),
('0026813115', 'NURUL AMANAH', '87290961c7dc88039909d2ec2e9fec98', 22, 'off'),
('0012417931', 'PUTRI KARTINI', 'b3751804d7f59bf5c0d1bdfe5fae16d3', 22, 'off'),
('0018813023', 'RIA NOVITA SARI', 'dda428909a83e72a8b6b01eed66da00d', 22, 'off'),
('0018813037', 'SALMAH', 'd30ea8ec7d1fb01e66eb9677036809ad', 22, 'off'),
('0036426846', 'ASANAH', '2fc884984635bb675d82c824c1d9e7b9', 23, 'off'),
('0027981457', 'AUFI ADILAH', 'b937a05a9946f97a8cd937df6e6ef459', 23, 'off'),
('0023159656', 'BADRIAH', '1e8fe0da4da8133c923585a38122d53f', 23, 'off'),
('0011326768', 'CICI AJENG KARTIKA', 'a902b6ffa24f9665ace357ff20cc5a9f', 23, 'off'),
('0020067092', 'DEWI HAYATI', '3153e3812849fccfdb5538b2e8381953', 23, 'off'),
('0016331125', 'ENI FITRIA', 'bc1936d25718741ba439f427f203086c', 23, 'off'),
('0034183673', 'IRMA WATI', '283c67a5609a0d6142b4fd545eefd52b', 23, 'off'),
('0018578698', 'MAESYAH UDIYANI SAIPUDIN', '91a5b388d069ad9e38eb2943d104d70c', 23, 'off'),
('0033629803', 'MARIA ELISABET I. KONDOKI', '92fbfe82fdb7ef9a3c56c03a037460e0', 23, 'off'),
('0018578692', 'MARINDA ZINTA ALFIKA', 'aef369a035e48fff966df85b25ac199b', 23, 'off'),
('0029660198', 'MELI', '626ee9b76466c374a37846e40d8c6f97', 23, 'off'),
('0019342678', 'MURNI', 'a145374d6a4b8dc161c8b519d411d00a', 23, 'off'),
('0022019389', 'NESA NADIA PUTRI', '0a92fe44e11d4bd332dbc65311a40e55', 23, 'off'),
('0003044682', 'PURNAMASARI', 'aab67cd2156e37b27172b76a6800351e', 23, 'off'),
('0020205775', 'PUTRI NUR KHOLIFAH', '4395d734ba61374db376fe84e01a88a8', 23, 'off'),
('0028853966', 'RENI SAFITRI', 'afb2f45ceb41f2a7e3b67d0752145ab2', 23, 'off'),
('0015819384', 'ROHAYATI', '935fe1dd776bf0bb57bb57f1d979096e', 23, 'off'),
('0026237105', 'SAHDIAH PITALOKA', 'c709c12e82ab943234ae46861c71f80d', 23, 'off'),
('0028787762', 'SANIAH', 'f77e9a602bc9faeca13fb960cba67b17', 23, 'off'),
('0011286853', 'SELA', '8dc2fe882c96db49095a4a4d7d1f5060', 23, 'off'),
('0028854040', 'SITI NURFARIDA', '56186cc9955258030416aeefdcdfbc8e', 23, 'off'),
('0028896227', 'SITI RODIAH', 'e54a371df568809c32d5c348cb5267a2', 23, 'off'),
('0020195058', 'SOLEHA', 'a7473580dc1fa2182087d7ffce9c2e75', 23, 'off'),
('0023000908', 'TESSA FADILAH RAHMAWATI', '629b744a25dbea0e75dda4d4ebcf5394', 23, 'off'),
('0029942745', 'TIA YUNISA', 'dc54ce2bbc9acfefb89d49b8390d1f93', 23, 'off'),
('0010109061', 'ULIYAH CITRA SARI', 'f2a64a3e6112a6ae13f99ba2c4c58950', 23, 'off'),
('0029298858', 'WULAN SRI LESTARI', '0039b19d1ea603fa4534049aa9bac4c6', 23, 'off'),
('0026044651', 'YULYANTI', '846b66bdceb4fec1443586ec755f8a6b', 23, 'off'),
('0004147758', 'AMINAH', '7bcdce79ca63ce9e13902934f7d2b2d5', 36, 'off'),
('0006654370', 'ANAH MULYANAH', '212bc16a0901c3edafa6f8ba16eaf4db', 36, 'off'),
('0003028459', 'ANISA HARTATI', 'd9975c88ac57b1a09f6c67cdd39dcbdd', 36, 'off'),
('0008038786', 'DEDE AULIA', '660ad368b8bb6fa99e2f1cb475024e00', 36, 'off'),
('0004147592', 'DINDA WAHYU KUSUMA W', 'dd06eb46414faafd1809f881b0392084', 36, 'off'),
('0012001532', 'DINI METRIANI', '1f545e75bb38bd91a2d1ecdf4fd579a5', 36, 'off'),
('9992326440', 'KADIYAH', '63beb028da7d8d83a3ef078da6a1c98a', 36, 'off'),
('0012419227', 'LISA LISLIANTI', 'a44db4e6b405359b0183772d91341b71', 36, 'off'),
('0019476455', 'MELY YANAH A.', '2f0810fe74634b8616bf9f26f164d7f9', 36, 'off'),
('0015819666', 'MILA', '7a70a93b5858104da691504b0619066e', 36, 'off'),
('0012975722', 'MUHAMAD DEDE PURNAMA', 'b7b6faad6ba24cc024851e25c22ec0f3', 36, 'off'),
('0014438234', 'MUHAMMAD JUMBRON', '4d39aafe2bc791389508a6decd5a5646', 36, 'off'),
('9996230553', 'NADIA VANI MANUERA', '889c6dc1b478e3e6d2f70f6d835c2ae5', 36, 'off'),
('0001467830', 'NOVI ASYIFAH', '515ed5a13705c01d70804e5b578b297e', 36, 'off'),
('0006656670', 'NURHAISAH', '824f1bd0a477e6cbad78e7d89e176bd1', 36, 'off'),
('0006654201', 'NURJANA', '6edef531f1a46558b56e9ac920cda7cb', 36, 'off'),
('0006654708', 'RATNA SARI', '2ec0d1ad22d7f601c2883b2a00824c1d', 36, 'off'),
('0018558884', 'RIZKA FITRIANI', '45b1aa043c6cd963b6f2243ab30af8cc', 36, 'off'),
('0019603300', 'SANILA SUKMALITA C.P.', '5e4507c81f1110cd99f1dc04cae81ff5', 36, 'off'),
('0006654714', 'SUGIARTI', '9625ec22fcd6259aef7377af74aadea4', 36, 'off'),
('0018558887', 'ALDELA', 'a498cf5e2c0292690221dbd43723113e', 37, 'off'),
('0012417901', 'AMANAH MITAHUL JANAH', '6703596e62fedbedad32fd10c7e3cd21', 37, 'off'),
('0012434152', 'ANNISA APRILIANI', 'e5413e1103e95b2351c8bc2c3e0cebb6', 37, 'off'),
('0012671270', 'CORRYNA IDA LEA. G.', 'b803a395572887a68772bd92d547355e', 37, 'off'),
('0016311918', 'DEA NURMALA SARI', 'ebb5797aca90beaffe9fffd3386df39a', 37, 'off'),
('01280411003', 'DIDIK SUTOMO', 'd4ee31bda1d136276bc0497c297f4d28', 37, 'off'),
('0006673840', 'DILLAH APRIANTI', '2e5e0ad4198cc28416fcdfe764fb9f16', 37, 'off'),
('0015841993', 'FERY FALY', '59cb93a156c4abed1b6c74a541a76759', 37, 'off'),
('0006656661', 'JULIANTO', 'b11e5ca1e2f0a2540c0cc702c3e6d874', 37, 'off'),
('0004975051', 'MUHAMAD AGUS ', '55ce5e64b7ccb935b0941441a04d66b7', 37, 'off'),
('0015819687', 'NURLELA', '4f071d777c41b86e2057046772ac6be7', 37, 'off'),
('0015819831', 'NURAISAH', 'd18cbb95cc6f4b6cdfeedccf04c6568b', 37, 'off'),
('0001743836', 'PUTRI ROCHMAWATI', '19a0911542654106d0c3e6637fc35a05', 37, 'off'),
('0003028464', 'RATU NIDA NADIFAH', 'dd61dfe4db8e8328b3d8208cacf794c4', 37, 'off'),
('0009702166', 'SAMIYAH', 'c81f6bf5c8997c6acc1910b6c2cc5c38', 37, 'off'),
('0016901878', 'SITI NURHALIZA', 'e8777c4a6cf3149b004276872ea1d6f0', 37, 'off'),
('0001743838', 'SITI NURUL PADILAH', 'b17817e6bd62910a6e9016c9a58ee9bb', 37, 'off'),
('0001683208', 'SONIA NURLESTARI', 'ca1c417aa5ab1e53a164d84d817b880b', 37, 'off'),
('0026984048', 'SUTI NAROH', '0b390aa337783b69cd513f3b5b5ea850', 37, 'off'),
('0008795748', 'TIA', '4dc1797114d115bd6555412b9aa05570', 37, 'off'),
('0019972081', 'YUSMINA MERCY MOFU', '07d99668b52dd6979edc176545bdeca8', 37, 'off'),
('0006654532', 'YUSRI RAHMAWATI', '3a4363f4813941721124bd73e2dd2097', 37, 'off'),
('0003416162', 'YUYUN SOLEHAH', '5dd3d8eb6326b31c79ace8ff21381b3b', 37, 'off'),
('17181026', 'AKMAD PAOJI', '47f6da9ba44a4ef0678e05f4c9803876', 20, 'off'),
('17181073', 'BAGAS FIYANDANA', 'd1af2d5dbcfa9b3288b35cb2a085edcc', 20, 'off'),
('17181076', 'BAGUS KELANA', '14437eabc77a23c866528bf69a03a4d4', 20, 'off'),
('17181077', 'BAGUS PRAYOGA', '3ec93a311493c6f2f7284487ed347446', 20, 'off'),
('17181092', 'DEKA PUTRA PRATAMA', 'f2298939792d6d4e1be938a44fce483c', 20, 'off'),
('17181107', 'DIMAS FERNANDA', 'caf45756a2c4ac0898b1035c01527bbe', 20, 'off'),
('17181116', 'EGHI YANUAR', 'd2aabddb48129f2c1f841eca81902717', 20, 'off'),
('17181122', 'EKO SUCIPTO', 'b3847844f2cf41ef6e99bf6b73bd9ff5', 20, 'off'),
('17181138', 'FARHAN NURHADI', '0d85c0e55b93d19ac1b4c87475590fdc', 20, 'off'),
('17181154', 'GILANG PERMANA', '0a5864137f7f82ac7411b2095839ce6a', 20, 'off'),
('17181186', 'IRWAN', '2a22727de8d279818843e1741d204c40', 20, 'off'),
('16171171', 'JUAN SAPUTRA', 'c7585476f91c6d9e5f59a7375b030683', 20, 'off'),
('17181199', 'KHOERUL MUNAJI', 'c2e78f4994aa191dd320f0f115f8fd70', 20, 'off'),
('17181216', 'MAMAN SUPRIYATNA', '19c50be253741d365293d393244f76a6', 20, 'off'),
('17181227', 'MOEHAMAD KURNIAWAN', 'c7453bf03599afc81c96ba70660defba', 20, 'off'),
('17181236', 'MUHAMAD BAGAS MAULANA', 'b6f1f40060be459f2d6ad7bab146da9d', 20, 'off'),
('17181240', 'MUHAMAD FAOJI', '444a95bcd912b08a529cf0aedf9e61eb', 20, 'off'),
('17181241', 'MUHAMAD JUHADI', 'ce7cf3a2f1334f82df304f443b1339ef', 20, 'off'),
('17181245', 'MUHAMAD PAUJAN OKTARIANSYAH', '47b0230c652a9d7acd4b527a166d7ab8', 20, 'off'),
('17181250', 'MUHAMAD RIZKY', '1a47eec67188f2d6f50ee70742fcba29', 20, 'off'),
('17181264', 'MUHAMMAD BAGUS ISKANDAR', '801b451167e09c4858a3e1db23dc5ac7', 20, 'off'),
('17181282', 'NANDA BAYU PRATAMA', '2c23982e20dea4cc9dba823710beb137', 20, 'off'),
('17181292', 'NOVIANTI NAJMI', '6afb981b4a086af0920ca5f7b1151f35', 20, 'off'),
('17181340', 'RIKI MAULANA', '37372a61880b946f69ccf6d5027fb79a', 20, 'off'),
('17181346', 'RIZA NASRULOH', '346bd8143b10d833704a62119f5bc65d', 20, 'off'),
('17181349', 'RIZKY PRATAMA', 'c281506f01aae7ad80924444ef40ad15', 20, 'off'),
('17181356', 'ROMDANI', '075f98f1eae35054044fa3ece852436f', 20, 'off'),
('17181357', 'ROMI MAHENDRA', '86b1056cae7688794915b9501fa9559f', 20, 'off'),
('17181361', 'SAEPULLAH', 'b4ebb5a3f8a0b10a1bb3e2c477fd634d', 20, 'off'),
('17181374', 'SARIYAH', 'c56b3cb98b7323fb83fc6a26544ae973', 20, 'off'),
('17181400', 'SONY SETIAWAN', '1feed894f84972f5c2bb9ed50534de98', 20, 'off'),
('17181406', 'SUKMA SOPIYANSYAH', 'c19b54c8a8175071c831e2733d05458d', 20, 'off'),
('17181411', 'SUPRI ANDI', '2b33c7ff425486385aa82be957669dd5', 20, 'off'),
('17181442', 'YULIANA NOVA ANGGRAENI', 'bf77415db5695646b570692b5305264f', 20, 'off'),
('123456', 'NURAISAH', '7dcba52d58b83cdf6146f67c7b199083', 27, 'login'),
('11111', 'AHMAD FAUZI', '18cb20abdab7b3ce73036ad0f44a7d85', 27, 'off'),
('123456789', 'AGIL YOGO L', 'b4885ef4927fe380807cc02da29fa208', 16, 'login');

-- --------------------------------------------------------

--
-- Struktur dari tabel `soal`
--

CREATE TABLE `soal` (
  `id_soal` int(5) NOT NULL,
  `id_ujian` int(5) NOT NULL,
  `soal` text NOT NULL,
  `pilihan_1` text NOT NULL,
  `pilihan_2` text NOT NULL,
  `pilihan_3` text NOT NULL,
  `pilihan_4` text NOT NULL,
  `pilihan_5` text NOT NULL,
  `kunci` int(2) NOT NULL,
  `urut` int(5) NOT NULL
) ENGINE=MyISAM DEFAULT CHARSET=latin1;

--
-- Dumping data untuk tabel `soal`
--

INSERT INTO `soal` (`id_soal`, `id_ujian`, `soal`, `pilihan_1`, `pilihan_2`, `pilihan_3`, `pilihan_4`, `pilihan_5`, `kunci`, `urut`) VALUES
(1, 89, 'Beberapa software web design yang sering dipakai antara lain', 'Microsoft Frontpage, Macromedia Fireworks, Mysql', 'Microsoft Frontpage, Macromedia Fireworks, Php', 'Macromedia Dreamweaver, Adobe ImageReady, ASP', 'Macromedia Dreamweaver, Adobe ImageReady, Corel Draw', 'Macromedia Dreamweaver, Microsoft Frontpage, Macromedia Fireworks.', 5, 0),
(2, 89, 'Fungsi dari tag HTML &lt;head&gt;&lt;/head&gt; adalah', 'Mendefinisikan judul yang hendak ditampilkan pada browser', 'Mendefinisikan bahwa teks yang berada diantara kedua tag tersebut adalah file HTML', 'Mendefinisikan head dalam sebuah file HTML.', 'Mendefinisikan teks yang hendak ditampilkan sebagai isi halaman web', 'Mendefinisikan &lt;&gt; dalam sebuah file HTML.', 3, 1),
(3, 89, 'Tag HTML yang berfungsi untuk mendefinisikan teks yang hendak ditampilkan sebagai isi halaman web adalah', '&lt;html&gt;&lt;/html&gt;', '&lt;head&gt;&lt;/head&gt;', '&lt;title&gt;&lt;/title&gt;', '&lt;body&gt;&lt;/body&gt;', '&lt;h1&gt;&lt;/h1&gt;', 4, 2),
(4, 89, 'Link ke suatu bagian di dokumen lain, misalnya : satu.html dilink ke suatu bagian di dua.html, tagnya adalah ', '&lt;a href=dua.html&gt; dua &lt;/a&gt;', 'a href= dua.html', '&lt;a href=&quot;dua.html&quot;&gt; dua &lt;/a&gt;', '&lt;href=&quot;dua.html&quot;&gt; dua &lt;/a&gt;', 'a href=&quot;dua.html&quot; dua &lt;/a&gt;', 4, 3),
(5, 89, 'HTML adalah kepanjangan dari ', 'Hyper Text Markup Language', 'Hiper Text Markup Language', 'Hipo Text MarkupLanguage', 'Hyper Text Multiple Land', 'Hipo Text Multiple Land', 1, 4),
(6, 89, 'Dibawah ini adalah bahasa untuk pemrograman web, kecuali ', 'HTML', 'XML', 'CSS', 'Javascript', 'Notepad', 5, 5),
(7, 89, 'Software untuk menulis bahasa HTML yang paling sederhana adalah', 'Ms Word', 'Ms Excel', 'Ms Powerpoint', 'Notepad', 'Ms Acces', 4, 6),
(8, 89, 'Untuk memberi warna latar belakang web diatur dengan mengubah nilai atribut ', 'Body', 'Title', 'Bgcolor', 'Fontcolor', 'Head', 3, 7),
(9, 89, 'Untuk memberi gambar pada belakang web diatur dengan mengubah nilai atribut ', 'Background', 'Body', 'Bgcolor', 'Fontcolor', 'Head', 1, 8),
(10, 89, 'Untuk mengatur paragraf pada web dapat digunakan tag ', '&lt;B&gt;', '&lt;I&gt;', '&lt;U&gt;', '&lt;P&gt;', '&lt;BR&gt;', 4, 9),
(11, 89, 'Untuk memisahkan baris pada web dapat digunakan tag ', '&lt;B&gt;', '&lt;I&gt;', '&lt;U&gt;', '&lt;P&gt;', '&lt;BR&gt;', 5, 10),
(12, 89, 'Untuk membuat garis horizontal didalam web dapat digunakan tag ', '&lt;BR&gt;', '&lt;P&gt;', '&lt;HR&gt;', '&lt;H1&gt;', '&lt;H6&gt;', 3, 11),
(13, 89, 'Untuk menformat teks dengan jenis tertentu seperti Verdana, atau Times New roman digunakan tag &lt;font&gt; dengan atribut', 'size', 'face', 'color', 'strike', 'width', 2, 12),
(14, 89, 'Manfaat atribut ALT dari tag IMG untuk ', 'Membuat sebuah definision list', 'Meloncat ke bagian (section) tertentu dalam halaman web', 'Membuat teks alternative bagi gambar yang ditampilkan', 'Membuat hyperlink ke sebuah file', 'Menentukan heading', 3, 13),
(15, 89, 'Untuk membuat order list, perintah HTML yang digunakan adalah ', '&lt;ul&gt; ............................&lt;/ul&gt;', '&lt;br&gt;............................&lt;/br&gt;', '&lt;ol&gt;............................&lt;/ol&gt;', '&lt;li&gt;.............................&lt;/li&gt;', '&lt;ls&gt;............................&lt;/ls&gt;', 3, 14),
(16, 89, 'Untuk membuat garis lurus horizontal di dalam web menggunakan tag ', '&lt;a href&gt;.......&lt;/a href&gt;', '&lt;p&gt;.......&lt;/p&gt;', '&lt;h&gt; ....... &lt;/h&gt;', '&lt;hr&gt;.......&lt;/hr&gt;', '&lt;br&gt;.......&lt;/br&gt;', 4, 15),
(17, 89, 'Untuk mengatur perataan paragraf menggunakan tag', 'align', 'right', 'bottom', 'center', 'left', 1, 16),
(18, 89, 'Untuk membuat teks tercetak miring menggunakan  tag', '&lt;i&gt;........&lt;/i&gt;', '&lt;u&gt;.......&lt;/u&gt;', '&lt;sup&gt;.......&lt;/sup&gt;', '&lt;b&gt;.......&lt;/b&gt;', '&lt;strike&gt;.......&lt;/strike&gt;', 1, 17),
(19, 89, '<p>Untuk membuat teks tercetak tebal menggunakan tag</p>\r\n<p><img src=\"../media/source/001.jpg\" alt=\"001\" /></p>', '<p>&lt;i&gt;........&lt;/i&gt;</p>\r\n<p><img src=\"../media/source/001.jpg\" alt=\"001\" /></p>', '<p>&lt;u&gt;.......&lt;/u&gt;</p>\r\n<p><img src=\"../media/source/001.jpg\" alt=\"001\" /></p>', '<p>&lt;sup&gt;.......&lt;/sup&gt;</p>\r\n<p><img src=\"../media/source/001.jpg\" alt=\"001\" /></p>', '<p>&lt;b&gt;.......&lt;/b&gt;</p>', '<p>&lt;strike&gt;.......&lt;/strike&gt;</p>', 4, 18),
(20, 88, 'Untuk membuat teks tercetak bergaris bawah menggunakan tag', '&lt;i&gt;........&lt;/i&gt;', '&lt;u&gt;.......&lt;/u&gt;', '&lt;sup&gt;.......&lt;/sup&gt;', '&lt;b&gt;.......&lt;/b&gt;', '&lt;strike&gt;.......&lt;/strike&gt;', 2, 19),
(21, 88, 'Untuk membuat teks tercoret menggunakan tag', '&lt;i&gt;........&lt;/i&gt;', '&lt;u&gt;.......&lt;/u&gt;', '&lt;sup&gt;.......&lt;/sup&gt;', '&lt;b&gt;.......&lt;/b&gt;', '&lt;strike&gt;.......&lt;/strike&gt;', 5, 20),
(22, 88, 'Untuk membuat perpangkatan menggunakan tag', '&lt;i&gt;........&lt;/i&gt;', '&lt;u&gt;.......&lt;/u&gt;', '&lt;sup&gt;.......&lt;/sup&gt;', '&lt;b&gt;.......&lt;/b&gt;', '&lt;strike&gt;.......&lt;/strike&gt;', 3, 21),
(23, 88, 'Untuk penulisan dengan menggunakan heading 5 dan perataan kanan kiri menggunakan tag', '&lt;h5 align=&quot;center&quot;&gt;.......&lt;/h5&gt;', '&lt;h5 align=&quot;left&quot;&gt;.......&lt;/h5&gt;', '&lt;h5 align=&quot;right&quot;&gt;.......&lt;/h5&gt;', '&lt;h5 align=&quot;rigth&quot;&gt;.......&lt;/h5&gt;', '&lt;h5 align=&quot;justify&quot;&gt;.......&lt;/h5&gt;', 2, 22),
(24, 88, 'Untuk penulisan dengan menggunakan heading 5 dan perataan kanan menggunakan tag', '&lt;h5 align=&quot;center&quot;&gt;.......&lt;/h5&gt;', '&lt;h5 align=&quot;left&quot;&gt;.......&lt;/h5&gt;', '&lt;h5 align=&quot;right&quot;&gt;.......&lt;/h5&gt;', '&lt;h5 align=&quot;rigth&quot;&gt;.......&lt;/h5&gt;', '&lt;h5 align=&quot;justify&quot;&gt;.......&lt;/h5&gt;', 3, 23),
(25, 88, 'Untuk menampilkan beberapa karakter misalnya &amp;&quot; tidak dapat ditampilkan begitu saja ke dalam web. Karakter tersebut harus ditulis dalam kode tertentu agar dapat ditampilkan dengan baik dalam web. Kode untuk menampilkan  adalah', '&amp;AElig', '&amp;plusmn', '&amp;eacute', '&amp;aelig', '&amp;plasmn', 2, 24),
(26, 88, 'Untuk memberikan penomoran bentuk bullet menggunakan list dengan type disc, square, dan circle menggunakan tag', '&lt;DD&gt;.......&lt;/DD&gt;', '&lt;DT&gt;.......&lt;/DT&gt;', '&lt;DL&gt;.......&lt;/DL&gt;', '&lt;OL&gt;.......&lt;/OL&gt;', '&lt;UL&gt;.......&lt;/UL&gt;', 5, 25),
(27, 88, 'Untuk memberikan penomoran menggunakan list dengan type a, A, I, dan i menggunakan tag', '&lt;DD&gt;.......&lt;/DD&gt;', '&lt;DT&gt;.......&lt;/DT&gt;', '&lt;DL&gt;.......&lt;/DL&gt;', '&lt;OL&gt;.......&lt;/OL&gt;', '&lt;UL&gt;.......&lt;/UL&gt;', 4, 26),
(28, 88, 'Untuk membuat definition list yang terdiri atas dua bagian yaitu, bagian tema dan definisinya. Tag yang digunakan untuk menandai sebuah tema adalah ', '&lt;DD&gt;.......&lt;/DD&gt;', '&lt;DT&gt;.......&lt;/DT&gt;', '&lt;DL&gt;.......&lt;/DL&gt;', '&lt;OL&gt;.......&lt;/OL&gt;', '&lt;UL&gt;.......&lt;/UL&gt;', 2, 27),
(29, 88, 'Untuk membuat definition list yang terdiri atas dua bagian yaitu, bagian tema dan definisinya. Tag yang digunakan untuk menandai sebuah definisi adalah ', '&lt;DD&gt;.......&lt;/DD&gt;', '&lt;DT&gt;.......&lt;/DT&gt;', '&lt;DL&gt;.......&lt;/DL&gt;', '&lt;OL&gt;.......&lt;/OL&gt;', '&lt;UL&gt;.......&lt;/UL&gt;', 3, 28),
(30, 88, 'Atribut yang digunakan untuk menentukan posisi gambar yang akan ditampilkan pada tag &lt;img&gt; adalah', 'alt', 'src', 'width', 'height', 'align', 2, 29),
(51, 88, 'Situs/web dimana kita bisa berinteraksi dengan user disebut ', 'Statis', 'Website', 'Web browser', 'Links', 'Dinamis', 2, 0),
(52, 88, 'Ekstensi penyimpanan pada HTML adalah ', 'Nama file.doc', 'Nama file.xls', 'Nama file.htm', 'Nama file. Ppt', 'Nama file.rtf', 3, 0),
(53, 88, 'Sintak dasar HTML adalah', '&lt;body&gt;.&lt;/body&gt;', '&lt;head&gt;&lt;/head&gt;', '&lt;html&gt;&lt;html&gt;', '&lt;html&gt;&lt;/html&gt;', '&lt;bgcolor&gt;.&lt;bgcolor&gt;', 4, 0),
(54, 88, 'Bentuk 3 tag HTML adalah.', 'Element, Attribute, Value', 'Body,head, bgcolor', 'Element, body, HTML', 'HTML, title, bgcolor', 'body, bg color, title', 1, 0),
(55, 86, 'Sebuah bentuk animasi text sederhana yang dapat diciptakan oleh HTML adalah', 'Heading', 'Formulir', 'Marquee', 'Paraghraph', 'Background', 3, 0),
(56, 86, 'Format gambar/image yang dimasukkan dalam web adalah ', 'PDF ', 'PPT ', 'Doc ', 'JPEG ', 'ZIP', 4, 0),
(57, 88, 'Menu untuk menambahkan musik, gambar, animasi dan lain-lain pada halaman wordpess kita ', 'Media', 'Link', 'Pages', 'Post', 'Comment', 1, 0),
(58, 88, 'Menu untuk mengelola komentar-komentar dari pengunjung wordpress adalah ', 'Media', 'Link', 'Pages', 'Post', 'Comment', 5, 0),
(59, 88, 'Menu untuk mengkonfigurasi pengaturan-pengaturan wordpress adalah ', 'Link', 'Setting', 'Pages', 'User', 'Plugin', 2, 0),
(60, 88, 'Menu untuk menambahkan kalender, jam digital dll yang diinstall (masukan) ke dalam wordpress adalah ', 'Link', 'Setting', 'Pages', 'User', 'Plugin', 5, 0),
(61, 88, 'Server yang berfungsi sebagai localhost pada wordpress offline adalah  ', 'Xampp', 'Php', 'Notepad ++', 'Windows', 'Http', 1, 0),
(62, 88, 'Bagian xampp yang merupakan tempat meletakkan berkas-berkas yang akan dijalankan adalah ', 'Htdoc', 'phpMyAdmin', 'Control Panel', 'MySQL', 'Http', 1, 0),
(63, 88, 'Bagian xampp yang berfungsi mengelola layanan (service) xampp seperti start atau stop adalah ', 'Htdoc', 'phpMyAdmin', 'Control Panel', 'MySQL', 'Http', 3, 0),
(64, 88, 'Bagian xampp yang berfungsi mengelola database MYSQL yang ada di komputer adalah ', 'Htdoc', 'phpMyAdmin', 'Control Panel', 'MySQL', 'Http', 2, 0),
(65, 88, 'Jika kita ingin merubah tema tampilan wordpress digunakan menu ', 'Media', 'Tools', 'Appearance', 'Design', 'Plugin', 3, 0),
(66, 88, 'Pengaturan site title dan tagline halaman wordpress kita termasuk dalam pengaturan ', 'Site identity', 'Tag', 'Menus', 'Categories', 'Content', 1, 0),
(67, 88, 'Proses mengirim file atau media dari komputer lokal ke server/jaringan internet disebut ', 'Upload', 'Download', 'Select', 'Send', 'Move', 1, 0),
(68, 88, 'Jika kita mengeksekusi file .html maka file tersebut akan berjalan pada', 'Firefox', 'Notepad++', 'Ms.word', 'Windows explorer', 'Transtool', 1, 0),
(69, 88, 'Kode HTML adalah case sensitive yang artinya ', 'Berpengaruh pada besar kecilnya huruf', 'Berpengaruh pada penggunaan tanda (;)', 'Berpengaruh pada penggunaan tanda &lt;/&gt;', 'Berpengaruh pada penggunaan tanda /', 'Tidak berpengaruh pada penulisan kode', 1, 0),
(70, 88, 'Untuk mengganti paragraph digunakan tag ', '&lt;h&gt;', '&lt;p&gt;', '&lt;br&gt;', '&lt;font&gt;', '&lt;hr&gt;', 1, 0),
(71, 88, '<p>Aplikasi Yang Digunakan untuk mengolah angka</p>', '<p>Ms. Exel</p>', '<p>Ms. Word</p>', '<p>Ms. Power Point</p>', '<p>Ms. Acces</p>', '<p>Potoshop</p>', 1, 0),
(72, 88, '<p>Aplikasi yang digunakan untuk mengedit poto</p>', '<p>Potoshop</p>', '<p>Ms. Exel</p>', '<p>Ms. Word</p>', '<p>Ms. Power Point</p>', '<p>Ms. Acces</p>', 1, 0),
(74, 88, 'LAN adalah', 'A. Local Area Network', 'B. DOS', 'C. DES', 'D. DEM', 'E. DDS', 1, 0),
(77, 91, 'WHAT THIS IS ?', 'PULPEN', 'PENSIL', 'BOLPOIN', 'BOOK', 'HEKTER', 1, 0),
(78, 91, 'THERE IS MAN ?', 'SOLOKAN', 'COMBERAN', 'DERAN', 'IMPER', 'DESTER', 2, 0);

-- --------------------------------------------------------

--
-- Struktur dari tabel `ujian`
--

CREATE TABLE `ujian` (
  `id_ujian` int(5) NOT NULL,
  `judul` varchar(50) NOT NULL,
  `nama_mapel` varchar(50) NOT NULL,
  `tanggal` date NOT NULL,
  `waktu` int(5) NOT NULL,
  `jml_soal` int(3) NOT NULL,
  `id_user` int(5) NOT NULL
) ENGINE=MyISAM DEFAULT CHARSET=latin1;

--
-- Dumping data untuk tabel `ujian`
--

INSERT INTO `ujian` (`id_ujian`, `judul`, `nama_mapel`, `tanggal`, `waktu`, `jml_soal`, `id_user`) VALUES
(93, 'PEMODELAN PERANGKAT LUNAK XI', 'PEMODELAN PERANGKAT LUNAK', '2018-09-20', 60, 40, 68),
(90, 'Pendidikan Agama Islam X', 'Pendidikan Agama Islam', '2018-09-11', 30, 40, 14),
(91, 'BAHASA INGGRIS X', 'BAHASA INGGRIS', '2018-10-08', 60, 40, 12),
(92, 'ADM. SERVER DAN KEAMANAN JARIINGAN XII', 'ADM. SERVER DAN KEAMANAN JARONGAN', '2018-09-20', 60, 40, 68),
(89, 'Komputer dan Jaringan Dasar X', 'Komputer dan Jaringan Dasar X', '2018-09-20', 60, 30, 68);

-- --------------------------------------------------------

--
-- Struktur dari tabel `user`
--

CREATE TABLE `user` (
  `id_user` int(5) NOT NULL,
  `nama` varchar(50) NOT NULL,
  `username` varchar(50) NOT NULL,
  `password` varchar(50) DEFAULT NULL,
  `level` varchar(20) NOT NULL
) ENGINE=MyISAM DEFAULT CHARSET=latin1;

--
-- Dumping data untuk tabel `user`
--

INSERT INTO `user` (`id_user`, `nama`, `username`, `password`, `level`) VALUES
(5, 'HAYAR DIET', 'hayar', '2f059889f332b8181ff719ed67a35466', 'operator'),
(69, 'Lukman Adyana, S.Kom', 'lukman', 'b5bbc8cf472072baffe920e4e28ee29c', 'guru'),
(71, 'Kuryanto, Amd.Kom', 'kuryanto', 'c036db080c50236d827e8445c1c15ce2', 'guru'),
(1, 'Administrator', 'admin', '21232f297a57a5a743894a0e4a801fc3', 'admin'),
(13, 'Erni Retna Ningsih, S.Ag', 'erni', '6e59bb96b06c40e477ba58d02cbe2b84', 'guru'),
(70, 'Jatnika Hadi, S.Ds', 'jatnika', '3bfa6e1030d5f438ba3b0818e178f2b8', 'guru'),
(12, 'SUPRIATNA, S.Pd', 'supriatna', 'af8d13a0bb9433df31dfab16dcee35ba', 'guru'),
(14, 'Maryamah, S.Pd.I', 'maryamah', 'd9a14b0091f5ce16115874c646f58661', 'guru'),
(15, 'Lilis Suherni, S.PdI', 'lilis', 'b4c7848b06d83bbca966b1fd05cfabf8', 'guru'),
(16, 'Nurul Yaqin, S.Hi', 'yaqin', 'bc6d99fa53a5322c354314f3b9cbcba9', 'guru'),
(17, 'Iis Ela, S.S, S.Pd', 'iisela', '3c91548b27cc89f863c91789915b1c43', 'guru'),
(18, 'Ahmad Rosyidi, S.Pd', 'arosyidi', '27c58b4768f01de335e95d8073b017a8', 'guru'),
(19, 'Teguh Rinekso, S.Pd', 'rinekso', '4fe961aef976ac84dae7baa405cdde5e', 'guru'),
(20, 'Mujiati, M.Pd', 'mujiati', '6f644f6d12df3a3ef6938668a48130ec', 'guru'),
(21, 'Dra. Rini Mutiara Ningsih, M.Pd', 'rinimutiara', '4861307a9cd8791a6c239d5f7e989c2a', 'guru'),
(22, 'Mislihah,S.Pd', 'mislihah', '198e767260c04db88b0e2580101f4a0a', 'guru'),
(23, 'Ratnasari, S.Pd', 'ratnasari', 'b30ba880fba567a1dc4cb2306db6195b', 'guru'),
(24, 'Ina Suherlina, S.Pd', 'inasuherlina', '5dbe36d554431bdff39e97130e1fc504', 'guru'),
(25, 'Moh. Munir, M.Pd', 'mohmunir', '5ed92d7be661c262e73fa83ec95efd34', 'guru'),
(26, 'Sumini, S.Pd', 'sumini', '84b403a1beeb8092ce95c1b6e8fa5c3b', 'guru'),
(27, 'Nur Chilafiah, S.Pd', 'nurchilafiah', 'cf1dfd6915be4d696f16ddfe7f95f828', 'guru'),
(28, 'Fitriana Apriliani, M.Pd', 'fitriapril', '05b6aadf72afe02c62da4e0aa42a05b1', 'guru'),
(29, 'Hajanah, S.Pd', 'hajanah', '8560692987323c1badaf92a5eacd8116', 'guru'),
(30, 'Nurul Ifkoh, S.Pd', 'nurulifkoh', '61ea60671bc30a005b50261fc3a43c8d', 'guru'),
(31, 'Sri Hartatik, S.Pd', 'srihartatik', 'cdabce4d46561cdff2f9b7c06406b9ff', 'guru'),
(32, 'Desi Puspasari, M.Pd', 'desipuspitasari', 'c972dc5526c0132676304b526a39b476', 'guru'),
(33, 'Rio Sasko Edi, S.Pd', 'riosasko', '1d486e0ac2191e9667ed851b173c55db', 'guru'),
(34, 'Nuraeni Muthoharoh, M.Pd', 'nuraeni', '47d434bfd81ce627ef4bf72b95026102', 'guru'),
(35, 'Wowo Wasito, M.Pd', 'wowowasito', '7dbc44812a41dcf201e6bb05ebde5772', 'guru'),
(36, 'Oyo Sukarya, S.Pd', 'oyosukarya', '7c2401ab646bf2123f40a05e8d71355d', 'guru'),
(37, 'Sringatun, M.Pd', 'sringatun', 'fd5173ed6d60a9dcd78cd0cf9e0ee253', 'guru'),
(38, 'Saproi, S.Pd', 'saproi', 'cb9e44e17b760132a01de500aa113417', 'guru'),
(39, 'Dul Ajid, S.Pd', 'dulajid', 'f325ed7d80b4068b0d383018e2941a5d', 'guru'),
(40, 'Omansyah, SE, MM', 'omansyah', 'dc6b7705be85f13cae997d06e6213aa3', 'guru'),
(41, 'Isnu Fadilah, S.Sos', 'isnufadilah', 'd1de2ffca4f63fa318fcc1fceb129b67', 'guru'),
(42, 'Ikot Sholehat, S.Hum', 'ikotsolehat', 'e708c94a00f3d50d4e65cf1627c23408', 'guru'),
(43, 'Eti Herawati, S.E', 'etihera', '2c4109ad9ebf6f20854433d08d05a206', 'guru'),
(44, 'Afrianta, S.Si', 'afrianta', 'cf3e2d6a7cfb061cfbfa8104ba508d1c', 'guru'),
(45, 'Hj. Sri Listianawati, S.Pd', 'srilesti', '16efb1054ba771ddecbbfc9e9afd8956', 'guru'),
(46, 'Ade Supriyadi, S.Pd', 'adesupri', '44860d2f23f688f7f81bd12c8e13377f', 'guru'),
(47, 'U. Suryana, S.Pd', 'suryana', '4d09418a5df5af3e8b63375cfbaa2f9d', 'guru'),
(48, 'Wawan Resmana, M.Pd', 'wawanresmana', 'b5dde7c3ae7309ee41c6418667f2a848', 'guru'),
(49, 'Burhanudin, S.Pd', 'burhanudin', 'e578f83eb9af7bd6378d2289480b3e16', 'guru'),
(50, 'Sri Pudjiwati, S.Pd', 'sripudji', '363f140c7a615dc408c4a4d144228789', 'guru'),
(51, 'Hawasul Zein, ST', 'hawasul', '00fb370eb229618a0193be62f454c9d4', 'guru'),
(52, 'Joko Sutrisno, S.Pd', 'jokosutrisno', '515013582acdd8eddf98a004a2d617cf', 'guru'),
(53, 'Radhian Saprika, M.Pd', 'radhian', 'f95ec69d765b848fd122bbcdf8cf9c44', 'guru'),
(54, 'Iwan Kurniawan, S.Pd', 'iwankur', '34684f4d0f63f5b27e04eff600bc59ae', 'guru'),
(55, 'Eddy Rosyad, M.Pd', 'eddyrosyad', '064c29472e35336e4a95c550943518f8', 'guru'),
(65, 'Saeful Amin, S. Kom', 'aminsaeful', '65bd021f077608075a0966358248288c', 'guru'),
(57, 'Asep Saepudin, S.Pd', 'asepsae', '469e259f789ac7b41b6ccdda10c2645f', 'guru'),
(64, 'M. Irfan Rosyadi, S.Pd', 'irfanrosyadi', '8bad5f862c946c26fa06cdb3505a049e', 'guru'),
(63, 'Aswar Anas, ST', 'aswaranas', '68246830c81dc227064119762f015cc3', 'guru'),
(62, 'Soni Andriana, S.Pd', 'soniandri', '6ce5cadfc0af5a34b4638bbb9700fa2b', 'guru'),
(66, 'Andriyani H, S.Kom', 'andriyani', '66eff2e8cde739ce4c1fce0e477f26ff', 'guru'),
(67, 'Sri Wahyuni, S.Kom', 'sriwahyuni', '6b70282373ccdf64ad073d2a37010cc8', 'guru'),
(68, 'Arif Fahrudin, S.Kom', 'ariff', '2b499c9be188aedf561ef5699ddfd597', 'guru'),
(72, 'Ahmad Sajidin, S.Kom', 'ahmadsajidin', '143f466cb6d8edea316951c1e4b5d98f', 'guru'),
(73, 'Dwi Astuti, S.Pd.', 'dwiastuti', 'cc6ca1793b1e027e770c53d0dcd9a1e1', 'guru'),
(74, 'Lani Lusiany, M.Pd', 'lanilusi', '9c4e523058485fc3ba74b93a2f83b4e5', 'guru'),
(75, 'Sayunah, S.Akun.', 'sayunah', '8e4d783d295197bc8a5fe1bfc33536de', 'guru'),
(76, 'Fikih Kartika, SE', 'fikihkartika', '4a0709b65c8186a8bea3e30d8e594745', 'guru'),
(77, 'Rusdani, M.Pd', 'rusdani', '5c7127c62cdf44ba647a2e13e8fd3393', 'guru'),
(78, 'Isnainarti, S.Pd', 'isnainarti', 'b321bb94be851b50ae779e9945cda6a1', 'guru'),
(79, 'Hotmaida Pasaribu. S.Pd', 'hotmaida', '95247613dcfa95f14500fc64f6a206a0', 'guru'),
(80, 'Rd. Ahmad Bulkini, S.IKom', 'bulqini', '139b417148de12023fefe040b3bdd13c', 'guru'),
(81, 'Mustikawati, S.Sos.', 'mustika', 'f872533a62f1a23afa0291337401561f', 'guru'),
(82, 'Alfenti Debian Pratiwi, S.Pd', 'alfenti', 'd331dd8e8e2855fb157f613431d7d0de', 'guru'),
(83, 'Lia Ahmalia Mahmumah,SE', 'liaahmalia', '13aaa856072693737d58d9f5e9807e34', 'guru');

--
-- Indexes for dumped tables
--

--
-- Indexes for table `kelas`
--
ALTER TABLE `kelas`
  ADD PRIMARY KEY (`id_kelas`);

--
-- Indexes for table `nilai`
--
ALTER TABLE `nilai`
  ADD PRIMARY KEY (`id_nilai`);

--
-- Indexes for table `siswa`
--
ALTER TABLE `siswa`
  ADD PRIMARY KEY (`nis`);

--
-- Indexes for table `soal`
--
ALTER TABLE `soal`
  ADD PRIMARY KEY (`id_soal`);

--
-- Indexes for table `ujian`
--
ALTER TABLE `ujian`
  ADD PRIMARY KEY (`id_ujian`);

--
-- Indexes for table `user`
--
ALTER TABLE `user`
  ADD PRIMARY KEY (`id_user`);

--
-- AUTO_INCREMENT for dumped tables
--

--
-- AUTO_INCREMENT for table `kelas`
--
ALTER TABLE `kelas`
  MODIFY `id_kelas` int(5) NOT NULL AUTO_INCREMENT, AUTO_INCREMENT=40;
--
-- AUTO_INCREMENT for table `nilai`
--
ALTER TABLE `nilai`
  MODIFY `id_nilai` int(10) NOT NULL AUTO_INCREMENT, AUTO_INCREMENT=115;
--
-- AUTO_INCREMENT for table `soal`
--
ALTER TABLE `soal`
  MODIFY `id_soal` int(5) NOT NULL AUTO_INCREMENT, AUTO_INCREMENT=81;
--
-- AUTO_INCREMENT for table `ujian`
--
ALTER TABLE `ujian`
  MODIFY `id_ujian` int(5) NOT NULL AUTO_INCREMENT, AUTO_INCREMENT=94;
--
-- AUTO_INCREMENT for table `user`
--
ALTER TABLE `user`
  MODIFY `id_user` int(5) NOT NULL AUTO_INCREMENT, AUTO_INCREMENT=84;
/*!40101 SET CHARACTER_SET_CLIENT=@OLD_CHARACTER_SET_CLIENT */;
/*!40101 SET CHARACTER_SET_RESULTS=@OLD_CHARACTER_SET_RESULTS */;
/*!40101 SET COLLATION_CONNECTION=@OLD_COLLATION_CONNECTION */;
